"player","team.x","pos.x","g.x","mp.x","per","ts_percent","e_fg_percent","x3p_ar","f_tr","orb_percent","trb_percent","ast_percent","stl_percent","blk_percent","tov_percent","usg_percent","o_rtg","d_rtg","ows","dws","ws","ws_40","year.x","Team","Year","Salary","Protection Status","salary_clean","team.y","pos.y","g.y","mp.y","fg","fga","fg_percent","x3p","x3pa","x3p_percent","x2p","x2pa","x2p_percent","ft","fta","ft_percent","orb","trb","ast","stl","blk","tov","pts","year.y","predicted_salary","residual","undervalued","overvalued","top_paid","label_type","label_player"
"a'ja wilson","LVA","C","18","551",32.1,".576",".493",".092",".521","6.3","17.5","23.9","2.6","6.7","11.0","32.2","113","97","2.3","1.3","3.6",".260",2025,"Las Vegas Aces",2025,"$200,000 ","Protected Veteran",2e+05,"LVA","C","18","551","7.6","15.8",".482","0.3","1.4",".231","7.3","14.3",".508","6.8","8.2",".824","1.7","9.2","3.2","1.6","2.4","2.4","22.3",2025,188673.40021095,11326.5997890499,FALSE,FALSE,FALSE,NA,NA
"aaliyah edwards","WAS","F","18","259",15.1,".532",".494",".080",".552","10.5","14.6","5.9","2.0","1.9","16.3","22.4","98","101","0.1","0.5","0.5",".085",2025,"Washington Mystics",2025,"$74,909 ","Unprotected",74909,"WAS","F","18","259","2.4","4.8",".494","0.0","0.4",".000","2.4","4.4",".538","1.6","2.7",".604","1.3","3.6","0.4","0.6","0.3","1.2","6.4",2025,119054.512327738,-44145.5123277379,TRUE,FALSE,FALSE,"Undervalued","Aaliyah Edwards"
"aaliyah nye","LVA","G-F","22","397",8,".559",".540",".646",".131","1.8","4.7","5.2","0.9","1.1","11.8","13.5","103","110","0.3","0.1","0.4",".039",2025,"Las Vegas Aces",2025,"$69,267 ","Unprotected",69267,"LVA","G-F","22","397","1.9","4.5",".414","1.1","2.9",".391","0.7","1.6",".457","0.5","0.6",".769","0.3","1.5","0.5","0.3","0.2","0.6","5.3",2025,89978.3885647493,-20711.3885647493,TRUE,FALSE,FALSE,"Undervalued","Aaliyah Nye"
"aari mcdonald","IND","G","12","301",13.8,".517",".465",".529",".365","2.4","4.8","26.2","2.2","0.6","15.4","17.5","109","105","0.5","0.3","0.9",".114",2025,"Indiana Fever",2025,"$52,333 ","Unprotected",52333,"IND","G","12","301","2.8","7.1",".400","0.9","3.8",".244","1.9","3.3",".575","1.9","2.6",".742","0.5","2.0","4.3","1.1","0.2","1.5","8.5",2025,113730.715019022,-61397.7150190217,TRUE,FALSE,FALSE,"Undervalued","Aari Mcdonald"
"alanna smith","MIN","F","23","611",18.3,".555",".563",".489",".185","7.2","12.0","16.8","2.2","7.5","15.3","17.6","107","94","0.9","1.7","2.6",".172",2025,"Minnesota Lynx",2025,"$150,000 ","Protected Veteran",150000,"MIN","F","23","611","3.9","8.0",".484","1.3","3.9",".322","2.6","4.1",".638","0.6","1.5",".412","1.6","5.5","2.8","1.1","2.2","1.6","9.6",2025,132159.244164578,17840.7558354221,FALSE,FALSE,FALSE,NA,NA
"alexis prince","PHO","F","1","22",0,".333",".333",".333",".000","0.0","20.9","6.5","0.0","0.0","50.0","12.2","40","99","-0.1","0.0","-0.1","-0.133",2025,"Phoenix Mercury",2025,"$3,975 ","Waived",3975,"PHO","F","1","22","1.0","3.0",".333","0.0","1.0",".000","1.0","2.0",".500","0.0","0.0","","0.0","8.0","1.0","0.0","0.0","3.0","2.0",2025,51073.7159241308,-47098.7159241308,TRUE,FALSE,FALSE,"Undervalued","Alexis Prince"
"alissa pili","MIN","F","14","82",8.3,".568",".545",".500",".182","5.8","12.1","5.6","1.3","0.0","22.8","17.2","92","100","0.0","0.2","0.1",".059",2025,"Minnesota Lynx",2025,"$74,909 ","Unprotected",74909,"MIN","F","14","82","0.7","1.6",".455","0.3","0.8",".364","0.4","0.8",".545","0.2","0.3",".750","0.3","1.2","0.2","0.1","0.0","0.5","1.9",2025,91206.9571744531,-16297.9571744531,TRUE,FALSE,FALSE,"Undervalued","Alissa Pili"
"aliyah boston","IND","F-C","23","686",24.7,".614",".571",".071",".335","8.7","15.1","22.2","1.2","3.3","9.9","21.2","126","101","3.4","1.1","4.5",".264",2025,"Indiana Fever",2025,"$83,371 ","Unprotected",83371,"IND","F-C","23","686","6.2","11.0",".563","0.2","0.8",".222","6.0","10.3",".589","3.0","3.7",".800","2.1","7.6","3.7","0.7","1.1","1.4","15.6",2025,158368.707838258,-74997.7078382577,TRUE,FALSE,FALSE,"Undervalued","Aliyah Boston"
"allisha gray","ATL","G","22","781",19.9,".595",".528",".473",".456","3.3","9.0","19.6","1.3","1.1","10.1","21.8","120","103","3.0","1.2","4.2",".216",2025,"Atlanta Dream",2025,"$190,000 ","Protected Veteran",190000,"ATL","G","22","781","5.6","12.9",".438","2.3","6.1",".381","3.3","6.8",".490","4.8","5.9",".814","1.0","5.6","4.0","0.9","0.5","1.7","18.4",2025,138711.610082998,51288.3899170022,FALSE,FALSE,FALSE,NA,NA
"alysha clark","SEA","F","22","414",7.4,".520",".487",".628",".167","2.3","7.5","6.7","2.2","0.4","15.2","10.9","97","103","0.0","0.6","0.6",".062",2025,"Seattle Storm",2025,"$185,000 ","Unprotected",185000,"SEA","F","22","414","1.4","3.5",".385","0.7","2.2",".327","0.6","1.3",".483","0.5","0.6",".846","0.4","2.4","0.9","0.8","0.1","0.7","4.0",2025,87521.2513453418,97478.7486546582,FALSE,FALSE,FALSE,NA,NA
"alyssa thomas","PHO","F","17","528",24.6,".553",".517",".010",".350","5.7","13.5","56.6","2.3","1.5","19.8","24.8","113","99","1.9","1.1","2.9",".223",2025,"Phoenix Mercury",2025,"$215,000 ","Protected Veteran",215000,"PHO","F","17","528","6.2","11.9",".517","0.0","0.1",".000","6.2","11.8",".522","2.9","4.2",".690","1.6","7.3","9.5","1.4","0.5","3.4","15.2",2025,157959.184968357,57040.8150316435,FALSE,FALSE,FALSE,NA,NA
"anastasiia kosu","MIN","F","11","26",20.1,".512",".417",".083",".500","18.3","9.0","6.6","2.0","7.0","17.0","31.1","99","100","0.0","0.0","0.1",".102",2025,"Minnesota Lynx",2025,"$69,267 ","Unprotected",69267,"MIN","F","11","26","0.5","1.1",".417","0.0","0.1",".000","0.5","1.0",".455","0.5","0.5",".833","0.4","0.4","0.1","0.1","0.2","0.3","1.4",2025,139530.6558228,-70263.6558228003,TRUE,FALSE,FALSE,"Undervalued","Anastasiia Kosu"
"aneesah morrow","CON","F","19","291",15.4,".469",".409",".238",".341","10.5","18.4","7.8","2.3","2.3","12.7","26.2","93","109","-0.2","0.1","0.0","-0.004",2025,"Connecticut Suns",2025,"$75,643 ","Unprotected",75643,"CON","F","19","291","2.5","6.6",".381","0.4","1.6",".233","2.2","5.1",".427","1.7","2.3",".767","1.4","4.8","0.6","0.7","0.4","1.1","7.2",2025,120283.080937442,-44640.0809374417,TRUE,FALSE,FALSE,"Undervalued","Aneesah Morrow"
"angel reese","CHI","F","21","666",19,".526",".455",".082",".446","13.6","22.6","21.3","2.4","1.7","22.3","23.6","100","104","0.5","0.9","1.4",".082",2025,"Chicago Sky",2025,"$74,909 ","Unprotected",74909,"CHI","F","21","666","5.0","11.1",".446","0.2","0.9",".211","4.8","10.2",".467","3.9","5.0",".779","3.8","12.6","3.8","1.5","0.6","3.8","14.0",2025,135025.904253887,-60116.9042538866,TRUE,FALSE,FALSE,"Undervalued","Angel Reese"
"ariel atkins","CHI","G","21","624",16.4,".539",".483",".329",".292","2.6","6.0","21.6","3.2","2.8","16.1","22.7","103","108","0.8","0.4","1.2",".077",2025,"Chicago Sky",2025,"$200,000 ","Protected Veteran",2e+05,"CHI","G","21","624","4.9","11.4",".425","1.3","3.8",".354","3.5","7.7",".460","2.9","3.3",".857","0.7","3.1","3.5","1.9","0.9","2.5","13.9",2025,124378.309636454,75621.6903635459,FALSE,FALSE,FALSE,NA,NA
"arike ogunbowale","DAL","G","20","676",12.5,".475",".407",".400",".264","1.0","4.3","20.2","2.2","0.8","12.3","23.8","99","113","0.4","0.0","0.4",".024",2025,"Dallas Wings",2025,"$249,032 ","Protected Veteran",249032,"DAL","G","20","676","5.1","14.8",".346","1.8","5.9",".305","3.3","8.9",".373","3.7","3.9",".936","0.3","2.6","4.0","1.5","0.3","2.3","15.7",2025,108406.917710305,140625.082289695,FALSE,TRUE,TRUE,"Top Paid","Arike Ogunbowale"
"aziaha james","DAL","G","19","382",14,".498",".444",".408",".268","4.3","8.1","17.5","1.9","1.2","12.7","20.4","104","112","0.4","0.0","0.5",".051",2025,"Dallas Wings",2025,"$72,455 ","Unprotected",72455,"DAL","G","19","382","2.8","7.5",".373","1.1","3.1",".345","1.7","4.4",".393","1.7","2.0",".842","0.8","2.8","2.1","0.7","0.3","1.2","8.3",2025,114549.760758824,-42094.7607588242,TRUE,FALSE,FALSE,"Undervalued","Aziaha James"
"azura stevens","LAS","F-C","22","639",23.3,".619",".588",".414",".284","8.9","18.3","12.2","2.6","4.2","12.4","21.0","117","104","2.1","0.9","2.9",".182",2025,"Los Angeles Sparks",2025,"$195,000 ","Protected Veteran",195000,"LAS","F-C","22","639","5.3","10.5",".504","1.8","4.4",".406","3.5","6.2",".574","2.3","3.0",".758","2.1","8.7","1.9","1.5","1.3","1.7","14.7",2025,152635.38765964,42364.6123403597,FALSE,FALSE,FALSE,NA,NA
"breanna stewart","NYL","F","21","685",24.1,".571",".497",".209",".465","3.5","11.9","22.0","2.1","4.0","11.0","27.0","113","98","2.3","1.5","3.9",".226",2025,"New York Liberty",2025,"$208,400 ","Protected Veteran",208400,"NYL","F","21","685","6.8","14.3",".475","0.6","3.0",".206","6.2","11.3",".546","5.5","6.7",".821","1.0","6.9","3.9","1.4","1.4","2.1","19.7",2025,155911.57061885,52488.4293811497,FALSE,FALSE,FALSE,NA,NA
"bree hall","GSV","G","2","8",0,".452",".500",".500","1.500","0.0","14.2","0.0","0.0","0.0","37.6","29.9","52","102","-0.1","0.0","-0.1","-0.330",2025,"Golden State Valkyries",2025,"$47,755 ","Unprotected",47755,"GSV","G","2","8","0.5","1.0",".500","0.0","0.5",".000","0.5","0.5","1.000","0.5","1.5",".333","0.0","1.0","0.0","0.0","0.0","1.0","1.5",2025,31826.1410387721,15928.8589612279,FALSE,FALSE,FALSE,NA,NA
"bria hartley","CON","G","22","503",10.5,".489",".429",".517",".290","1.3","5.3","25.0","2.0","0.0","16.4","21.7","94","117","-0.1","-0.3","-0.5","-0.036",2025,"Connecticut Suns",2025,"$78,831 ","Unprotected",78831,"CON","G","22","503","2.7","8.0",".341","1.4","4.1",".341","1.3","3.9",".341","2.0","2.3",".843","0.3","2.0","3.0","0.9","0.0","1.8","8.8",2025,100216.460312281,-21385.4603122805,TRUE,FALSE,FALSE,"Undervalued","Bria Hartley"
"brianna turner","IND","F-C","14","57",0,".230",".200",".000",".200","8.6","12.6","7.1","0.0","1.6","31.5","12.6","57","107","-0.2","0.1","-0.2","-0.123",2025,"Indiana Fever",2025,"$85,000 ","Unprotected",85000,"IND","F-C","14","57","0.1","0.7",".200","0.0","0.0","","0.1","0.7",".200","0.1","0.1",".500","0.3","0.9","0.2","0.0","0.1","0.4","0.4",2025,49026.1015746245,35973.8984253755,FALSE,FALSE,FALSE,NA,NA
"bridget carleton","MIN","F","24","704",10.3,".511",".497",".627",".087","3.6","7.1","13.1","1.8","0.9","11.4","11.4","109","101","0.8","1.2","2.0",".115",2025,"Minnesota Lynx",2025,"$125,000 ","Unprotected",125000,"MIN","F","24","704","2.5","6.3",".393","1.3","3.9",".330","1.2","2.3",".500","0.4","0.5",".769","0.9","3.6","2.7","1.0","0.3","0.8","6.6",2025,99397.414572478,25602.585427522,FALSE,FALSE,FALSE,NA,NA
"brionna jones","ATL","F","22","641",20.9,".575",".532",".136",".357","12.1","15.3","15.4","1.9","1.5","11.7","20.4","118","100","2.2","1.2","3.4",".211",2025,"Atlanta Dream",2025,"$214,466 ","Protected Veteran",214466,"ATL","F","22","641","5.2","10.0",".516","0.3","1.4",".233","4.9","8.7",".560","2.7","3.6",".747","3.0","7.8","2.5","1.0","0.5","1.5","13.4",2025,142806.83878201,71659.1612179897,FALSE,FALSE,FALSE,NA,NA
"brittney griner","ATL","C","20","467",14,".551",".512",".067",".319","4.7","14.2","6.2","0.2","4.7","16.6","21.5","97","100","0.1","0.9","1.0",".085",2025,"Atlanta Dream",2025,"$214,466 ","Protected Veteran",214466,"ATL","C","20","467","4.1","8.2",".503","0.2","0.6",".273","4.0","7.6",".520","1.9","2.6",".731","1.0","5.8","0.8","0.1","1.3","1.9","10.3",2025,114549.760758824,99916.2392411758,FALSE,FALSE,FALSE,NA,NA
"brittney sykes","WAS","G","19","606",15.4,".513",".416",".203",".586","2.0","6.7","26.2","1.6","1.0","15.5","27.7","100","104","0.5","0.8","1.3",".085",2025,"Washington Mystics",2025,"$195,000 ","Protected Veteran",195000,"WAS","G","19","606","5.1","13.2",".382","0.9","2.7",".333","4.2","10.5",".395","6.1","7.7",".782","0.5","3.6","4.4","1.0","0.3","3.1","17.1",2025,120283.080937442,74716.9190625583,FALSE,FALSE,FALSE,NA,NA
"caitlin clark","IND","G","13","404",17.2,".491",".441",".531",".255","0.3","9.6","47.9","2.7","1.6","23.2","31.7","94","100","-0.2","0.7","0.5",".054",2025,"Indiana Fever",2025,"$78,066 ","Unprotected",78066,"IND","G","13","404","5.5","15.1",".367","2.2","8.0",".279","3.3","7.1",".467","3.2","3.8",".820","0.1","5.0","8.8","1.6","0.5","5.1","16.5",2025,127654.492595664,-49588.4925956641,TRUE,FALSE,FALSE,"Undervalued","Caitlin Clark"
"carla leite","GSV","G","16","259",9.6,".471",".392",".392",".340","2.2","4.4","22.4","2.0","0.8","18.3","23.7","91","104","-0.2","0.3","0.1",".016",2025,"Golden State Valkyries",2025,"$72,455 ","Unprotected",72455,"GSV","G","16","259","2.3","6.1",".371","0.3","2.4",".105","2.0","3.7",".542","1.8","2.1",".879","0.3","1.3","1.9","0.6","0.1","1.6","6.6",2025,96530.7544831693,-24075.7544831693,TRUE,FALSE,FALSE,"Undervalued","Carla Leite"
"cecilia zandalasini","GSV","F","8","164",13.9,".581",".534",".621",".224","1.4","5.5","11.6","1.9","1.3","12.4","19.9","108","103","0.3","0.2","0.5",".125",2025,"Golden State Valkyries",2025,"$100,000 ","Temporary Suspension",1e+05,"GSV","F","8","164","3.0","7.3",".414","1.8","4.5",".389","1.3","2.8",".455","1.5","1.6",".923","0.3","2.0","1.3","0.8","0.3","1.1","9.3",2025,114140.237888923,-14140.2378889229,TRUE,FALSE,FALSE,"Undervalued","Cecilia Zandalasini"
"chelsea gray","LVA","G","22","668",15,".576",".520",".459",".288","2.6","8.0","26.4","2.2","1.8","24.3","20.6","100","106","0.4","0.7","1.1",".067",2025,"Las Vegas Aces",2025,"$196,267 ","Protected Veteran",196267,"LVA","G","22","668","4.0","9.3",".434","1.6","4.3",".372","2.5","5.0",".486","2.4","2.7",".898","0.7","4.1","4.5","1.3","0.6","3.4","12.1",2025,118644.989457837,77622.0105421633,FALSE,FALSE,FALSE,NA,NA
"chloe bibby","GSV","F","5","66",19.7,".574",".556",".704",".074","5.1","12.0","9.0","2.4","0.0","0.0","19.0","124","100","0.2","0.1","0.4",".219",2025,"Golden State Valkyries",2025,"$49,420 ","Unprotected",49420,"GSV","F","5","66","2.2","5.4",".407","1.6","3.8",".421","0.6","1.6",".375","0.4","0.4","1.000","0.6","2.8","0.6","0.6","0.0","0.0","6.4",2025,137892.564343195,-88472.5643431953,TRUE,FALSE,FALSE,"Undervalued","Chloe Bibby"
"courtney vandersloot","CHI","G","7","191",15.7,".516",".477",".348",".197","1.2","6.5","34.6","2.9","1.0","19.2","20.4","102","109","0.2","0.1","0.3",".056",2025,"Chicago Sky",2025,"$185,000 ","Unprotected",185000,"CHI","G","7","191","4.1","9.4",".439","0.7","3.3",".217","3.4","6.1",".558","1.6","1.9",".846","0.3","3.1","5.3","1.6","0.3","2.4","10.6",2025,121511.649547145,63488.3504528546,FALSE,FALSE,FALSE,NA,NA
"courtney williams","MIN","G","24","684",19.3,".501",".481",".295",".099","2.4","10.7","36.5","2.9","0.9","14.7","26.4","102","96","0.9","1.7","2.6",".152",2025,"Minnesota Lynx",2025,"$180,000 ","Protected Veteran",180000,"MIN","G","24","684","5.7","13.4",".425","1.5","4.0",".379","4.2","9.5",".445","1.1","1.3",".844","0.6","5.3","6.0","1.6","0.3","2.4","14.0",2025,136254.47286359,43745.5271364097,FALSE,FALSE,FALSE,NA,NA
"crystal bradford","LVA","F","4","24",7.2,".333",".333",".333",".000","9.7","12.2","6.9","4.3","0.0","14.3","13.2","79","102","0.0","0.0","0.0","-0.003",2025,"Las Vegas Aces",2025,"$16,103 ","Waived",16103,"LVA","F","4","24","0.5","1.5",".333","0.0","0.5",".000","0.5","1.0",".500","0.0","0.0","","0.5","1.3","0.3","0.5","0.0","0.3","1.0",2025,86702.2056055393,-70599.2056055393,TRUE,FALSE,FALSE,"Undervalued","Crystal Bradford"
"damiris dantas","IND","C-F","18","235",9.7,".486",".429",".541",".259","7.3","11.9","6.6","1.1","1.2","12.9","20.8","97","104","0.1","0.3","0.3",".059",2025,"Indiana Fever",2025,"$100,000 ","Temporary Suspension",1e+05,"IND","C-F","18","235","1.7","4.7",".353","0.7","2.6",".283","0.9","2.2",".436","1.1","1.2",".864","0.8","2.6","0.6","0.3","0.2","0.8","5.1",2025,96940.2773530705,3059.72264692947,FALSE,FALSE,FALSE,NA,NA
"dana evans","LVA","G","22","379",10.6,".473",".434",".365",".219","1.2","2.9","19.0","1.5","0.7","10.7","20.1","97","110","0.1","0.1","0.2",".021",2025,"Las Vegas Aces",2025,"$89,000 ","Protected Veteran",89000,"LVA","G","22","379","2.3","6.2",".372","0.8","2.3",".340","1.5","4.0",".391","1.0","1.4",".767","0.2","0.9","1.8","0.5","0.1","0.8","6.5",2025,100625.983182182,-11625.9831821818,TRUE,FALSE,FALSE,"Undervalued","Dana Evans"
"dewanna bonner","PHO","G-F","12","272",15.8,".552",".488",".420",".370","2.6","11.3","11.5","2.4","0.3","9.6","17.2","112","101","0.5","0.5","1.0",".150",2025,"Indiana Fever",2025,"$72,269 ","Waived",72269,"PHO","G-F","12","272","2.8","6.8",".407","1.1","2.8",".382","1.7","3.9",".426","2.1","2.5",".833","0.5","4.3","1.7","1.1","0.1","0.8","8.7",2025,121921.172417047,-49652.1724170467,TRUE,FALSE,FALSE,"Undervalued","Dewanna Bonner"
"dearica hamby","LAS","F","22","708",22.5,".579",".555",".121",".456","10.3","14.3","22.4","3.0","1.6","15.7","24.7","111","107","2.0","0.6","2.5",".143",2025,"Los Angeles Sparks",2025,"$202,000 ","Protected Veteran",202000,"LAS","F","22","708","6.6","12.4",".537","0.5","1.5",".303","6.2","10.9",".569","3.5","5.6",".613","2.7","7.5","3.7","1.9","0.5","2.8","17.2",2025,149359.20470043,52640.7952995697,FALSE,FALSE,FALSE,NA,NA
"dijonai carrington","DAL","G-F","14","376",12,".458",".397",".281",".288","9.9","11.1","13.2","2.6","1.5","17.8","25.0","91","110","-0.3","0.1","-0.2","-0.020",2025,"Dallas Wings",2025,"$200,000 ","Protected Veteran",2e+05,"DAL","G-F","14","376","4.1","11.4",".356","0.9","3.2",".289","3.1","8.2",".383","2.7","3.3",".826","2.4","5.2","2.1","1.4","0.4","2.8","11.8",2025,106359.303360799,93640.6966392008,FALSE,FALSE,FALSE,NA,NA
"diamond miller","MIN","F","21","197",11.4,".635",".575",".434",".396","1.8","5.3","11.6","1.9","1.9","21.5","18.4","105","101","0.2","0.4","0.6",".118",2025,"Minnesota Lynx",2025,"$83,371 ","Unprotected",83371,"MIN","F","21","197","1.1","2.5",".453","0.6","1.1",".565","0.5","1.4",".367","0.9","1.0",".857","0.1","0.9","0.7","0.3","0.2","0.8","3.8",2025,103902.166141392,-20531.1661413917,TRUE,FALSE,FALSE,"Undervalued","Diamond Miller"
"dominique malonga","SEA","C","22","193",14,".518",".500",".081",".151","9.2","19.0","14.5","1.1","1.4","20.0","27.3","90","100","-0.2","0.4","0.1",".025",2025,"Seattle Storm",2025,"$78,831 ","Unprotected",78831,"SEA","C","22","193","2.0","3.9",".500","0.0","0.3",".000","2.0","3.6",".544","0.4","0.6",".692","0.7","2.8","0.7","0.2","0.1","1.0","4.3",2025,114549.760758824,-35718.7607588242,TRUE,FALSE,FALSE,"Undervalued","Dominique Malonga"
"elizabeth kitley","LVA","C","12","98",1.1,".314",".304",".043",".087","4.7","10.2","1.7","2.1","5.2","22.7","14.2","58","102","-0.4","0.1","-0.2","-0.100",2025,"Las Vegas Aces",2025,"$69,267 ","Unprotected",69267,"LVA","C","12","98","0.6","1.9",".304","0.0","0.1",".000","0.6","1.8",".318","0.1","0.2",".500","0.3","1.4","0.1","0.3","0.5","0.6","1.3",2025,61721.3105415632,7545.6894584368,FALSE,FALSE,FALSE,NA,NA
"elizabeth williams","CHI","C-F","22","433",15.8,".489",".472",".000",".302","8.2","11.5","15.4","1.8","3.8","12.2","20.8","100","109","0.3","0.2","0.5",".047",2025,"Chicago Sky",2025,"$100,000 ","Unprotected",1e+05,"CHI","C-F","22","433","3.4","7.2",".472","0.0","0.0","","3.4","7.2",".472","1.2","2.2",".542","1.4","4.0","1.6","0.7","0.8","1.1","8.0",2025,121921.172417047,-21921.1724170467,TRUE,FALSE,FALSE,"Undervalued","Elizabeth Williams"
"emily engstler","WAS","F","19","188",13.5,".475",".450",".500",".300","12.0","18.5","19.4","2.2","4.7","26.1","14.6","94","97","0.0","0.4","0.4",".087",2025,"Washington Mystics",2025,"$66,079 ","Unprotected",66079,"WAS","F","19","188","0.8","2.1",".400","0.2","1.1",".200","0.6","1.1",".600","0.4","0.6",".583","1.0","3.1","1.2","0.4","0.5","0.8","2.3",2025,112502.146409318,-46423.146409318,TRUE,FALSE,FALSE,"Undervalued","Emily Engstler"
"emma cannon","LAS","F","19","200",14.9,".659",".644",".559",".356","6.2","10.7","6.2","2.3","0.5","16.0","18.3","112","110","0.4","0.1","0.5",".100",2025,"Los Angeles Sparks",2025,"$78,831 ","Unprotected",78831,"LAS","F","19","200","1.6","3.1",".525","0.7","1.7",".424","0.9","1.4",".654","0.7","1.1",".667","0.5","1.8","0.4","0.5","0.1","0.7","4.7",2025,118235.466587935,-39404.4665879354,TRUE,FALSE,FALSE,"Undervalued","Emma Cannon"
"erica wheeler","SEA","G","23","625",14.7,".531",".502",".441",".150","2.3","6.9","21.8","2.1","0.7","13.9","20.6","102","103","0.6","0.9","1.5",".096",2025,"Seattle Storm",2025,"$78,831 ","Unprotected",78831,"SEA","G","23","625","4.1","9.9",".419","1.7","4.3",".380","2.5","5.5",".449","1.3","1.5",".853","0.5","3.1","3.6","1.1","0.2","1.7","11.2",2025,117416.420848133,-38585.4208481329,TRUE,FALSE,FALSE,"Undervalued","Erica Wheeler"
"ezi magbegor","SEA","F-C","23","642",16.6,".526",".503",".146",".299","9.4","13.8","12.7","1.4","6.7","10.1","14.1","113","99","1.3","1.3","2.5",".157",2025,"Seattle Storm",2025,"$186,000 ","Protected Veteran",186000,"SEA","F-C","23","642","3.3","6.8",".490","0.2","1.0",".174","3.2","5.8",".545","1.3","2.0",".617","2.2","6.4","2.3","0.7","2.0","0.9","8.1",2025,125197.355376257,60802.6446237433,FALSE,FALSE,FALSE,NA,NA
"gabby williams","SEA","F","23","775",17.5,".536",".509",".395",".150","2.4","8.5","21.5","3.7","1.3","14.7","19.7","103","98","0.8","1.6","2.4",".125",2025,"Seattle Storm",2025,"$225,000 ","Protected Veteran",225000,"SEA","F","23","775","5.1","11.6",".444","1.5","4.6",".333","3.6","7.0",".516","1.4","1.7",".825","0.7","4.8","4.4","2.4","0.5","2.1","13.2",2025,128883.061205368,96116.9387946321,FALSE,FALSE,TRUE,"Top Paid","Gabby Williams"
"grace berger","LAS","G","1","16",0,".000",".000",".500",".000","7.7","3.8","8.6","0.0","0.0","42.9","19.7","19","120","-0.2","0.0","-0.2","-0.522",2025,"Los Angeles Sparks",2025,"$1,666 ","Complete Hardship Contract",1666,"LAS","G","1","16","0.0","4.0",".000","0.0","2.0",".000","0.0","2.0",".000","0.0","0.0","","1.0","1.0","1.0","0.0","0.0","3.0","0.0",2025,-12811.8517804639,14477.8517804639,FALSE,FALSE,FALSE,NA,NA
"hailey lith","CHI","G","19","239",6.2,".440",".378",".284",".311","1.9","5.5","17.3","1.5","1.6","23.6","20.2","81","113","-0.5","0.0","-0.6","-0.093",2025,"Chicago Sky",2025,"$72,455 ","Unprotected",72455,"CHI","G","19","239","1.4","3.9",".351","0.2","1.1",".190","1.2","2.8",".415","0.9","1.2",".783","0.2","1.2","1.3","0.4","0.2","1.4","3.9",2025,82606.9769065268,-10151.9769065268,TRUE,FALSE,FALSE,"Undervalued","Hailey Lith"
"haley jones","DAL","F-G","9","122",12.7,".502",".500",".108",".054","3.6","10.3","15.5","2.1","2.3","11.7","15.3","102","106","0.1","0.1","0.2",".069",2025,"Dallas Wings",2025,"$36,233 ","Active Hardship Contract",36233,"DAL","F-G","9","122","2.0","4.1",".486","0.1","0.4",".250","1.9","3.7",".515","0.1","0.2",".500","0.4","2.4","1.2","0.6","0.3","0.6","4.2",2025,109225.963450108,-72992.963450108,TRUE,FALSE,FALSE,"Undervalued","Haley Jones"
"haley peters","CON","F-G","20","281",6.1,".414",".379",".397",".190","6.8","10.7","11.6","1.7","1.0","20.3","12.9","85","115","-0.3","-0.1","-0.4","-0.063",2025,"Connecticut Suns",2025,"$78,831 ","Unprotected",78831,"CON","F-G","20","281","1.0","2.9",".345","0.2","1.2",".174","0.8","1.8",".457","0.4","0.6",".727","0.9","2.6","1.0","0.5","0.2","0.8","2.6",2025,82197.4540366256,-3366.4540366256,FALSE,FALSE,FALSE,NA,NA
"isabelle harrison","NYL","F","19","184",16.1,".525",".500",".129",".242","9.7","16.2","12.9","3.0","0.5","13.8","19.6","104","97","0.2","0.4","0.7",".146",2025,"New York Liberty",2025,"$78,831 ","Unprotected",78831,"NYL","F","19","184","1.6","3.3",".484","0.1","0.4",".250","1.5","2.8",".519","0.5","0.8",".667","0.8","2.8","0.7","0.6","0.1","0.6","3.8",2025,123149.74102675,-44318.7410267504,TRUE,FALSE,FALSE,"Undervalued","Isabelle Harrison"
"jj quinerly","DAL","G","21","295",17.5,".552",".500",".269",".269","3.7","6.2","28.0","2.9","1.3","15.8","23.0","108","110","0.6","0.1","0.8",".102",2025,"Dallas Wings",2025,"$66,079 ","Unprotected",66079,"DAL","G","21","295","2.5","5.7",".445","0.6","1.5",".406","1.9","4.1",".460","1.3","1.5",".875","0.5","1.5","2.2","0.8","0.2","1.2","7.0",2025,128883.061205368,-62804.0612053679,TRUE,FALSE,FALSE,"Undervalued","Jj Quinerly"
"jackie young","LVA","G","22","658",19.9,".561",".493",".380",".331","4.8","8.1","26.5","1.9","1.2","14.8","26.5","108","107","1.6","0.5","2.2",".131",2025,"Las Vegas Aces",2025,"$169,950 ","Protected Veteran",169950,"LVA","G","22","658","5.7","13.0",".436","1.5","5.0",".303","4.2","8.1",".517","3.9","4.3",".905","1.2","4.1","4.0","1.1","0.4","2.6","16.8",2025,138711.610082998,31238.3899170022,FALSE,FALSE,FALSE,NA,NA
"jacy sheldon","CON","G","22","542",12.3,".615",".595",".508",".121","3.5","4.2","15.6","1.9","0.7","16.3","14.1","111","118","0.9","-0.5","0.4",".029",2025,"Connecticut Suns",2025,"$74,909 ","Unprotected",74909,"CON","G","22","542","3.0","6.0",".492","1.2","3.0",".403","1.7","3.0",".585","0.6","0.7",".875","0.8","1.8","2.0","0.9","0.2","1.2","7.8",2025,107587.871970503,-32678.871970503,TRUE,FALSE,FALSE,"Undervalued","Jacy Sheldon"
"jade melbourne","WAS","G","21","484",6.3,".467",".455",".463",".281","2.2","5.2","19.5","1.3","0.4","20.9","15.9","88","106","-0.5","0.5","0.0",".000",2025,"Washington Mystics",2025,"$66,710 ","Unprotected",66710,"WAS","G","21","484","2.2","5.8",".380","0.9","2.7",".321","1.3","3.1",".431","0.8","1.6",".500","0.4","2.0","2.7","0.6","0.1","1.7","6.0",2025,83016.4997764281,-16306.4997764281,TRUE,FALSE,FALSE,"Undervalued","Jade Melbourne"
"jaelyn brown","CON","G-F","10","131",6.5,".488",".486",".486",".054","3.4","5.4","1.4","2.0","1.5","11.7","15.0","89","117","-0.1","-0.1","-0.2","-0.053",2025,"Connecticut Suns",2025,"$56,639 ","Unprotected",56639,"CON","G-F","10","131","1.4","3.7",".378","0.8","1.8",".444","0.6","1.9",".316","0.1","0.2",".500","0.4","1.2","0.1","0.5","0.2","0.5","3.7",2025,83835.5455162306,-27196.5455162306,TRUE,FALSE,FALSE,"Undervalued","Jaelyn Brown"
"janelle salaun","GSV","F","14","319",10.3,".467",".430",".441",".162","5.3","12.1","9.1","1.0","0.3","12.1","23.3","92","103","-0.2","0.5","0.3",".032",2025,"Golden State Valkyries",2025,"$66,079 ","Temporary Suspension",66079,"GSV","F","14","319","3.5","9.7",".360","1.4","4.3",".317","2.1","5.4",".395","1.4","1.6",".864","1.1","4.9","1.1","0.4","0.1","1.4","9.7",2025,99397.414572478,-33318.414572478,TRUE,FALSE,FALSE,"Undervalued","Janelle Salaun"
"jaylyn sherrod","NYL","G","16","102",5.7,".459",".375",".550",".450","2.3","6.1","14.1","4.9","0.0","31.5","15.5","79","97","-0.2","0.2","0.0",".010",2025,"New York Liberty",2025,"$66,079 ","Unprotected",66079,"NYL","G","16","102","0.4","1.3",".300","0.2","0.7",".273","0.2","0.6",".333","0.4","0.6",".778","0.1","0.7","0.6","0.6","0.0","0.7","1.4",2025,80559.3625570206,-14480.3625570206,TRUE,FALSE,FALSE,"Undervalued","Jaylyn Sherrod"
"jessica shepard","MIN","F","20","377",19.1,".599",".587",".011",".511","14.9","20.1","19.2","1.2","0.5","21.6","17.5","114","97","1.0","0.9","1.9",".199",2025,"Minnesota Lynx",2025,"$78,831 ","Unprotected",78831,"MIN","F","20","377","2.7","4.6",".587","0.0","0.1",".000","2.7","4.6",".593","1.4","2.4",".574","2.4","6.5","2.3","0.5","0.1","1.6","6.8",2025,135435.427123788,-56604.4271237878,TRUE,FALSE,FALSE,"Undervalued","Jessica Shepard"
"jewell loyd","LVA","G","22","660",12.9,".522",".484",".548",".194","5.6","8.4","12.6","1.4","0.4","11.3","18.2","105","109","0.8","0.4","1.2",".074",2025,"Las Vegas Aces",2025,"$249,032 ","Protected Veteran",249032,"LVA","G","22","660","3.8","9.9",".382","2.0","5.4",".370","1.8","4.5",".398","1.6","1.9",".857","1.5","4.3","2.1","0.8","0.1","1.4","11.2",2025,110045.00918991,138986.99081009,FALSE,TRUE,TRUE,"Top Paid","Jewell Loyd"
"jonquel jones","NYL","C","9","206",23.8,".588",".563",".400",".363","9.9","23.6","17.9","1.2","4.5","13.9","23.7","112","93","0.6","0.6","1.2",".229",2025,"New York Liberty",2025,"$195,000 ","Protected Veteran",195000,"NYL","C","9","206","4.2","8.9",".475","1.6","3.6",".438","2.7","5.3",".500","2.1","3.2",".655","1.9","9.6","2.3","0.6","1.1","1.7","12.1",2025,154683.002009146,40316.9979908535,FALSE,FALSE,FALSE,NA,NA
"jordin canada","ATL","G","15","405",16.4,".481",".426",".326",".340","1.1","7.6","33.3","3.1","0.8","14.3","21.1","104","99","0.5","0.8","1.3",".132",2025,"Atlanta Dream",2025,"$190,000 ","Protected Veteran",190000,"ATL","G","15","405","3.6","9.4",".383","0.8","3.1",".261","2.8","6.3",".442","2.4","3.2",".750","0.3","3.6","5.3","1.6","0.3","1.8","10.4",2025,124378.309636454,65621.6903635459,FALSE,FALSE,FALSE,NA,NA
"joyner holmes","LVA","F","6","29",0,".292",".292",".417",".000","8.0","12.1","0.0","0.0","0.0","14.3","21.8","60","111","-0.2","0.0","-0.2","-0.213",2025,"Las Vegas Aces",2025,"$61,607 ","Unprotected",61607,"LVA","F","6","29","0.5","2.0",".250","0.2","0.8",".200","0.3","1.2",".286","0.0","0.0","","0.3","1.0","0.0","0.0","0.0","0.3","1.2",2025,40426.1213066983,21180.8786933017,FALSE,FALSE,FALSE,NA,NA
"julie allemand","LAS","G","13","297",10.2,".557",".523",".773",".136","2.1","8.2","25.3","2.1","0.0","28.9","10.0","107","111","0.3","0.1","0.3",".047",2025,"Los Angeles Sparks",2025,"$85,000 ","Temporary Suspension",85000,"LAS","G","13","297","1.3","3.4",".386","0.9","2.6",".353","0.4","0.8",".500","0.5","0.5","1.000","0.4","3.1","3.8","0.9","0.0","1.5","4.0",2025,98987.8917025768,-13987.8917025768,TRUE,FALSE,FALSE,"Undervalued","Julie Allemand"
"julie vanloo","LAS","G","14","238",5.8,".456",".435",".823",".097","0.9","4.6","32.9","1.3","0.0","30.2","17.5","85","108","-0.4","0.2","-0.2","-0.035",2025,"Golden State Valkyries",2025,"$66,079 ","Temporary Suspension",66079,"LAS","G","14","238","1.4","4.4",".323","1.0","3.6",".275","0.4","0.8",".545","0.4","0.4",".833","0.1","1.4","3.4","0.4","0.0","2.0","4.2",2025,80968.8854269219,-14889.8854269219,TRUE,FALSE,FALSE,"Undervalued","Julie Vanloo"
"kadidja diaby","CON","C","13","103",5.9,".620",".500",".000","1.000","3.3","7.4","8.3","3.0","0.9","37.3","14.3","85","113","-0.1","0.0","-0.1","-0.054",2025,"Connecticut Suns",2025,"$66,079 ","Unprotected",66079,"CON","C","13","103","0.5","1.1",".500","0.0","0.0","","0.5","1.1",".500","0.8","1.1",".786","0.2","1.0","0.4","0.5","0.1","0.9","1.9",2025,81378.4082968231,-15299.4082968231,TRUE,FALSE,FALSE,"Undervalued","Kadidja Diaby"
"kahleah copper","PHO","G-F","6","145",18.8,".577",".514",".397",".425","2.3","8.3","14.4","2.8","0.7","16.4","32.1","100","101","0.1","0.3","0.4",".113",2025,"Phoenix Mercury",2025,"$248,134 ","Protected Veteran",248134,"PHO","G-F","6","145","5.2","12.2",".425","2.2","4.8",".448","3.0","7.3",".409","4.2","5.2",".806","0.5","3.5","1.8","1.3","0.2","2.8","16.7",2025,134206.858514084,113927.141485916,FALSE,TRUE,TRUE,"Top Paid","Kahleah Copper"
"kaila charles","DAL","G-F","17","269",12.6,".490",".425",".375",".338","10.2","14.4","10.6","1.7","1.4","14.8","17.2","103","110","0.3","0.1","0.4",".054",2025,"Dallas Wings",2025,"$43,225 ","Active Hardship Contract",43225,"DAL","G-F","17","269","1.7","4.7",".363","0.6","1.8",".333","1.1","2.9",".380","1.3","1.6",".815","1.5","4.0","1.1","0.5","0.2","0.9","5.3",2025,108816.440580207,-65591.4405802067,TRUE,FALSE,FALSE,"Undervalued","Kaila Charles"
"kaitlyn chen","GSV","G","9","133",9.8,".605",".580",".280",".280","2.5","4.3","15.7","1.6","0.0","22.2","12.2","106","106","0.1","0.1","0.3",".079",2025,"Golden State Valkyries",2025,"$49,420 ","Unprotected",49420,"GSV","G","9","133","1.4","2.8",".520","0.3","0.8",".429","1.1","2.0",".556","0.6","0.8",".714","0.3","1.1","1.3","0.4","0.0","0.9","3.8",2025,97349.8002229718,-47929.8002229718,TRUE,FALSE,FALSE,"Undervalued","Kaitlyn Chen"
"kalani brown","PHO","C","20","277",19.4,".691",".657",".100",".357","10.4","17.6","8.7","1.1","4.9","19.8","16.4","119","99","0.8","0.6","1.4",".196",2025,"Phoenix Mercury",2025,"$128,750 ","Protected Veteran",128750,"PHO","C","20","277","2.3","3.5",".643","0.1","0.4",".286","2.2","3.2",".683","1.0","1.3",".800","1.3","4.3","0.7","0.3","0.7","1.0","5.6",2025,136663.995733492,-7913.99573349158,TRUE,FALSE,FALSE,"Undervalued","Kalani Brown"
"kamilla cardoso","CHI","C","18","435",19,".563",".530",".006",".331","14.0","16.8","14.0","0.7","3.3","17.1","23.6","105","110","0.7","0.2","0.9",".082",2025,"Chicago Sky",2025,"$78,066 ","Temporary Suspension",78066,"CHI","C","18","435","4.9","9.4",".527","0.1","0.1","1.000","4.9","9.3",".524","2.2","3.1",".696","2.9","7.2","1.7","0.3","0.8","2.2","12.1",2025,135025.904253887,-56959.9042538866,TRUE,FALSE,FALSE,"Undervalued","Kamilla Cardoso"
"karlie samuelson","MIN","G","16","228",6.9,".550",".476",".810",".333","1.6","5.1","10.4","1.4","0.4","18.6","11.9","103","103","0.2","0.3","0.5",".086",2025,"Minnesota Lynx",2025,"$118,450 ","Protected Veteran",118450,"MIN","G","16","228","0.9","2.6",".333","0.8","2.1",".353","0.1","0.5",".250","0.8","0.9",".929","0.2","1.3","1.1","0.4","0.1","0.7","3.3",2025,85473.6369958356,32976.3630041644,FALSE,FALSE,FALSE,NA,NA
"kate martin","GSV","G","21","349",9.5,".490",".459",".624",".188","1.3","8.4","8.0","1.3","0.6","12.7","21.2","92","103","-0.2","0.5","0.3",".032",2025,"Golden State Valkyries",2025,"$68,595 ","Unprotected",68595,"GSV","G","21","349","2.2","6.3",".353","1.3","4.0",".337","0.9","2.4",".380","0.9","1.2",".760","0.2","2.5","0.7","0.4","0.1","1.0","6.7",2025,96121.231613268,-27526.231613268,TRUE,FALSE,FALSE,"Undervalued","Kate Martin"
"kathryn westbeld","PHO","F","22","503",12,".494",".469",".605",".122","4.0","8.0","8.2","2.5","3.5","8.8","15.2","102","100","0.3","0.9","1.3",".100",2025,"Phoenix Mercury",2025,"$66,079 ","Unprotected",66079,"PHO","F","22","503","2.5","6.7",".374","1.3","4.0",".315","1.2","2.6",".466","0.7","0.8",".833","0.8","3.2","1.2","1.1","0.8","0.7","7.0",2025,106359.303360799,-40280.3033607992,TRUE,FALSE,FALSE,"Undervalued","Kathryn Westbeld"
"kayla mcbride","MIN","G","20","632",16.1,".591",".535",".636",".263","0.6","4.4","16.0","2.0","0.3","12.0","20.0","112","102","1.5","1.0","2.5",".159",2025,"Minnesota Lynx",2025,"$205,000 ","Protected Veteran",205000,"MIN","G","20","632","4.5","10.9",".415","2.6","6.9",".377","1.9","4.0",".481","2.7","2.9",".947","0.2","2.4","3.2","1.2","0.1","1.7","14.3",2025,123149.74102675,81850.2589732496,FALSE,FALSE,FALSE,NA,NA
"kayla thornton","GSV","F","22","662",15.3,".493",".435",".514",".297","6.8","13.2","9.6","2.3","0.8","10.3","23.6","101","100","0.6","1.3","1.9",".113",2025,"Golden State Valkyries",2025,"$112,000 ","Protected Veteran",112000,"GSV","F","22","662","4.5","12.5",".362","1.8","6.5",".282","2.7","6.1",".448","3.1","3.7",".829","1.8","7.0","1.5","1.3","0.2","1.6","14.0",2025,119873.55806754,-7873.55806754042,TRUE,FALSE,FALSE,"Undervalued","Kayla Thornton"
"kelsey mitchell","IND","G","23","711",19.8,".570",".536",".390",".276","1.2","3.4","15.7","1.4","0.6","7.2","26.4","114","108","2.4","0.5","2.9",".163",2025,"Indiana Fever",2025,"$249,244 ","Protected Veteran",249244,"IND","G","23","711","7.0","15.0",".465","2.1","5.8",".366","4.8","9.1",".529","3.1","4.1",".747","0.3","1.8","2.7","0.8","0.2","1.3","19.1",2025,138302.087213097,110941.912786903,FALSE,TRUE,TRUE,"Top Paid","Kelsey Mitchell"
"kelsey plum","LAS","G","21","748",18.3,".567",".481",".470",".413","0.5","5.4","29.1","2.1","0.4","15.6","26.6","109","112","2.0","0.1","2.0",".108",2025,"Los Angeles Sparks",2025,"$202,000 ","Protected Veteran",202000,"LAS","G","21","748","6.0","15.0",".397","2.5","7.0",".358","3.4","8.0",".431","5.7","6.2",".915","0.1","3.1","5.8","1.5","0.1","3.3","20.1",2025,132159.244164578,69840.7558354221,FALSE,FALSE,FALSE,NA,NA
"kennedy burke","NYL","G-F","21","478",16.9,".660",".642",".577",".231","3.5","6.0","9.1","2.6","2.5","12.8","15.6","118","101","1.1","0.8","1.9",".162",2025,"New York Liberty",2025,"$78,831 ","Unprotected",78831,"NYL","G-F","21","478","3.1","6.2",".500","1.8","3.6",".493","1.3","2.6",".509","1.0","1.4",".733","0.7","2.4","1.3","1.2","0.6","1.0","9.0",2025,126425.92398596,-47594.9239859604,TRUE,FALSE,FALSE,"Undervalued","Kennedy Burke"
"kia nurse","CHI","G","22","474",6.8,".501",".471",".659",".159","1.9","5.6","8.0","0.9","0.4","14.5","16.0","95","115","0.0","-0.2","-0.2","-0.016",2025,"Chicago Sky",2025,"$145,000 ","Unprotected",145000,"CHI","G","22","474","2.2","6.3",".355","1.5","4.1",".352","0.8","2.1",".362","0.8","1.0",".818","0.4","2.1","1.0","0.4","0.1","1.1","6.7",2025,85064.1141259343,59935.8858740657,FALSE,FALSE,FALSE,NA,NA
"kiah stokes","LVA","C","22","401",7.4,".394",".370",".413",".174","6.9","16.7","5.8","1.5","1.7","18.2","6.8","93","103","-0.1","0.6","0.5",".050",2025,"Las Vegas Aces",2025,"$103,000 ","Unprotected",103000,"LVA","C","22","401","0.7","2.1",".348","0.1","0.9",".105","0.6","1.2",".519","0.2","0.4",".625","1.1","5.2","0.7","0.5","0.4","0.5","1.8",2025,87521.2513453418,15478.7486546582,FALSE,FALSE,FALSE,NA,NA
"kiana williams","PHO","G","5","69",16.8,".603",".604",".583",".083","0.0","5.8","17.9","0.7","0.0","3.9","16.8","123","107","0.2","0.1","0.3",".160",2025,NA,NA,NA,NA,NA,"PHO","G","5","69","2.4","4.8",".500","1.0","2.8",".357","1.4","2.0",".700","0.2","0.4",".500","0.0","1.4","1.4","0.2","0.0","0.2","6.0",2025,126016.401116059,NA,NA,NA,FALSE,NA,NA
"kierstan bell","LVA","F","15","140",11.6,".468",".435",".685",".111","5.0","9.6","3.8","1.5","3.0","8.1","19.9","94","106","0.0","0.1","0.1",".030",2025,"Las Vegas Aces",2025,"$84,543 ","Protected Rookie Scale",84543,"LVA","F","15","140","1.2","3.6",".333","0.7","2.5",".297","0.5","1.1",".412","0.4","0.4","1.000","0.4","1.5","0.2","0.3","0.3","0.3","3.5",2025,104721.211881194,-20178.2118811942,TRUE,FALSE,FALSE,"Undervalued","Kierstan Bell"
"kiki iriafen","WAS","F","22","588",15.9,".521",".460",".009",".386","12.3","18.6","9.8","1.3","0.5","14.3","22.4","103","101","0.7","1.0","1.7",".113",2025,"Washington Mystics",2025,"$78,831 ","Unprotected",78831,"WAS","F","22","588","4.5","9.8",".460","0.0","0.1",".000","4.5","9.7",".465","2.9","3.8",".771","2.8","8.5","1.4","0.7","0.1","1.9","11.9",2025,122330.695286948,-43499.6952869479,TRUE,FALSE,FALSE,"Undervalued","Kiki Iriafen"
"kitija laksa","PHO","F","21","491",8.4,".511",".497",".669",".126","2.0","3.5","6.2","0.9","0.8","7.5","15.7","101","108","0.3","0.4","0.7",".053",2025,"Phoenix Mercury",2025,"$80,000 ","Protected Veteran",80000,"PHO","F","21","491","2.8","7.2",".384","1.6","4.8",".337","1.1","2.4",".480","0.6","0.9",".684","0.4","1.4","0.9","0.4","0.2","0.6","7.8",2025,91616.4800443543,-11616.4800443543,TRUE,FALSE,FALSE,"Undervalued","Kitija Laksa"
"kyara linskens","GSV","C","4","27",5,".400",".400",".200",".000","4.2","12.6","6.2","1.9","11.6","28.6","11.6","69","93","-0.1","0.1","0.0",".021",2025,"Golden State Valkyries",2025,"$14,437 ","Waived",14437,"GSV","C","4","27","0.5","1.3",".400","0.0","0.3",".000","0.5","1.0",".500","0.0","0.0","","0.3","1.5","0.3","0.3","0.8","0.5","1.0",2025,77692.7024677119,-63255.7024677119,TRUE,FALSE,FALSE,"Undervalued","Kyara Linskens"
"laeticia amihere","GSV","F","12","176",20.2,".605",".560",".100",".580","10.2","20.0","19.9","1.5","4.7","22.3","20.6","107","96","0.3","0.4","0.8",".176",2025,"Golden State Valkyries",2025,"$53,307 ","Unprotected",53307,"GSV","F","12","176","2.3","4.2",".560","0.0","0.4",".000","2.3","3.8",".622","1.7","2.4",".690","1.3","5.2","1.5","0.4","0.7","1.5","6.3",2025,139940.178692702,-86633.1786927016,TRUE,FALSE,FALSE,"Undervalued","Laeticia Amihere"
"leonie fiebich","NYL","F","14","372",13,".732",".716",".595",".203","3.2","8.5","6.3","1.5","2.0","18.3","12.0","118","102","0.7","0.6","1.3",".136",2025,"New York Liberty",2025,"$68,595 ","Temporary Suspension",68595,"NYL","F","14","372","3.0","5.3",".568","1.6","3.1",".500","1.4","2.1",".667","0.9","1.1",".800","0.7","4.0","1.1","0.8","0.6","1.3","8.4",2025,110454.532059812,-41859.5320598117,TRUE,FALSE,FALSE,"Undervalued","Leonie Fiebich"
"lexi held","PHO","G","14","290",14,".513",".482",".582",".182","3.1","4.7","11.6","3.7","1.7","13.2","21.2","97","101","0.1","0.5","0.6",".082",2025,"Phoenix Mercury",2025,"$66,079 ","Unprotected",66079,"PHO","G","14","290","3.1","7.9",".391","1.4","4.6",".313","1.6","3.3",".500","1.1","1.4",".800","0.6","1.7","1.4","1.5","0.4","1.3","8.7",2025,114549.760758824,-48470.7607588242,TRUE,FALSE,FALSE,"Undervalued","Lexi Held"
"lexie brown","SEA","G","14","105",4.2,".389",".300",".900",".500","1.1","5.2","7.9","2.0","0.0","7.6","11.5","88","105","-0.1","0.1","0.1",".021",2025,"Seattle Storm",2025,"$96,408 ","Protected Veteran",96408,"SEA","G","14","105","0.3","1.4",".200","0.3","1.3",".222","0.0","0.1",".000","0.5","0.7",".700","0.1","0.6","0.4","0.3","0.0","0.1","1.4",2025,74416.5195085019,21991.4804914981,FALSE,FALSE,FALSE,NA,NA
"lexie hull","IND","G","23","629",12.3,".564",".555",".428",".159","6.4","10.3","9.3","2.0","0.6","11.9","12.6","114","104","1.1","0.9","1.9",".122",2025,"Indiana Fever",2025,"$88,261 ","Protected Rookie Scale",88261,"IND","G","23","629","2.9","6.3",".455","1.3","2.7",".468","1.6","3.6",".446","0.6","1.0",".609","1.4","4.7","1.7","1.1","0.2","0.9","7.6",2025,107587.871970503,-19326.871970503,TRUE,FALSE,FALSE,"Undervalued","Lexie Hull"
"leila lacan","CON","G","5","130",10.5,".545",".500",".390",".220","3.5","6.3","15.2","1.6","0.7","19.7","19.7","95","117","0.0","-0.1","-0.1","-0.035",2025,"Connecticut Suns",2025,"$72,455 ","Temporary Suspension",72455,"CON","G","5","130","3.8","8.2",".463","0.6","3.2",".188","3.2","5.0",".640","1.6","1.8",".889","0.8","2.8","2.0","0.8","0.2","2.2","9.8",2025,100216.460312281,-27761.4603122805,TRUE,FALSE,FALSE,"Undervalued","Leila Lacan"
"li yueru","DAL","C","20","346",14.4,".566",".484",".275",".440","11.8","15.5","9.1","0.9","1.4","16.8","16.5","111","110","0.7","0.1","0.8",".096",2025,"Dallas Wings",2025,"$66,079 ","Unprotected",66079,"DAL","C","20","346","2.0","4.6",".429","0.5","1.3",".400","1.5","3.3",".439","1.8","2.0",".875","1.9","4.7","1.0","0.3","0.3","1.1","6.2",2025,116187.852238429,-50108.8522384292,TRUE,FALSE,FALSE,"Undervalued","Li Yueru"
"liatu king","DAL","F","14","136",8.6,".565",".500",".222",".556","10.7","12.9","4.7","0.7","0.0","24.7","14.7","99","114","0.0","0.0","0.0",".005",2025,"Los Angeles Sparks",2025,"$47,894 ","Active Hardship Contract",47894,"DAL","F","14","136","0.9","1.9",".481","0.1","0.4",".167","0.9","1.5",".571","0.8","1.1",".733","0.9","2.1","0.3","0.1","0.0","0.8","2.7",2025,92435.5257841568,-44541.5257841568,TRUE,FALSE,FALSE,"Undervalued","Liatu King"
"lindsay allen","CON","G","16","221",5.1,".439",".392",".297",".243","0.0","2.9","25.4","1.2","1.3","29.3","12.0","82","119","-0.3","-0.2","-0.5","-0.094",2025,"Connecticut Suns",2025,"$90,000 ","Unprotected",90000,"CON","G","16","221","0.9","2.3",".378","0.1","0.7",".091","0.8","1.6",".500","0.4","0.6",".778","0.0","0.7","2.1","0.3","0.2","1.1","2.3",2025,78102.2253376131,11897.7746623869,FALSE,FALSE,FALSE,NA,NA
"lucy olsen","WAS","G","19","199",12,".566",".526",".439",".193","2.4","6.2","16.1","0.5","0.5","10.2","15.5","114","107","0.4","0.2","0.6",".112",2025,"Washington Mystics",2025,"$69,267 ","Unprotected",69267,"WAS","G","19","199","1.3","3.0",".439","0.5","1.3",".400","0.8","1.7",".469","0.5","0.6",".909","0.2","1.1","0.9","0.1","0.1","0.4","3.7",2025,106359.303360799,-37092.3033607992,TRUE,FALSE,FALSE,"Undervalued","Lucy Olsen"
"luisa geiselsoder","DAL","C","12","273",13.8,".531",".527",".411",".041","5.6","12.3","10.2","1.9","4.1","11.9","13.3","108","108","0.3","0.2","0.5",".075",2025,"Dallas Wings",2025,"$66,079 ","Temporary Suspension",66079,"DAL","C","12","273","2.8","6.1",".466","0.8","2.5",".300","2.1","3.6",".581","0.2","0.3",".667","1.2","4.9","1.4","0.8","1.0","0.8","6.6",2025,113730.715019022,-47651.7150190217,TRUE,FALSE,FALSE,"Undervalued","Luisa Geiselsoder"
"mackenzie holmes","SEA","F","4","19",15.1,".667",".667",".000",".000","12.5","12.7","8.0","0.0","4.8","0.0","7.2","155","105","0.1","0.0","0.1",".193",2025,"Seattle Storm",2025,"$48,865 ","Unprotected",48865,"SEA","F","4","19","0.5","0.8",".667","0.0","0.0","","0.5","0.8",".667","0.0","0.0","","0.5","1.0","0.3","0.0","0.3","0.0","1.0",2025,119054.512327738,-70189.5123277379,TRUE,FALSE,FALSE,"Undervalued","Mackenzie Holmes"
"maddy siegrist","DAL","F","11","264",14.1,".483",".469",".309",".227","11.7","12.3","3.3","0.8","1.8","3.6","18.0","109","114","0.5","0.0","0.4",".063",2025,"Dallas Wings",2025,"$83,371 ","Unprotected",83371,"DAL","F","11","264","3.8","8.8",".433","0.6","2.7",".233","3.2","6.1",".522","1.1","2.0",".545","2.5","5.2","0.5","0.4","0.5","0.4","9.4",2025,114959.283628725,-31588.2836287254,TRUE,FALSE,FALSE,"Undervalued","Maddy Siegrist"
"maddy westbeld","CHI","F","10","85",6.9,".342",".313",".375",".083","12.2","14.7","7.3","1.8","4.5","16.7","15.4","81","108","-0.2","0.1","-0.1","-0.042",2025,"Chicago Sky",2025,"$69,267 ","Unprotected",69267,"CHI","F","10","85","0.6","2.4",".250","0.3","0.9",".333","0.3","1.5",".200","0.2","0.2","1.000","0.9","2.2","0.4","0.3","0.4","0.5","1.7",2025,85473.6369958356,-16206.6369958356,TRUE,FALSE,FALSE,"Undervalued","Maddy Westbeld"
"makayla timpson","IND","F-C","15","107",16.1,".511",".485",".000",".424","12.6","18.4","0.0","2.9","4.3","11.3","18.6","102","96","0.1","0.3","0.4",".132",2025,"Indiana Fever",2025,"$69,267 ","Unprotected",69267,"IND","F-C","15","107","1.1","2.2",".485","0.0","0.0","","1.1","2.2",".485","0.5","0.9",".571","0.7","2.2","0.0","0.4","0.3","0.3","2.7",2025,123149.74102675,-53882.7410267504,TRUE,FALSE,FALSE,"Undervalued","Makayla Timpson"
"maria kliundikova","MIN","F","14","133",23.6,".563",".545",".227",".205","13.4","16.6","9.8","3.9","8.9","12.7","18.9","112","88","0.3","0.5","0.8",".238",2025,"Minnesota Lynx",2025,"$54,418 ","Unprotected",54418,"MIN","F","14","133","1.6","3.1",".500","0.3","0.7",".400","1.3","2.4",".529","0.4","0.6",".667","1.1","2.7","0.6","0.7","0.9","0.5","3.9",2025,153863.956269344,-99445.956269344,TRUE,FALSE,FALSE,"Undervalued","Maria Kliundikova"
"marina mabrey","CON","G","13","410",12.6,".484",".444",".540",".185","1.9","9.3","26.2","1.0","1.6","15.0","26.9","92","116","-0.3","-0.2","-0.5","-0.048",2025,"Connecticut Suns",2025,"$210,000 ","Protected Veteran",210000,"CON","G","13","410","5.3","14.5",".365","2.3","7.8",".294","3.0","6.7",".448","2.3","2.7",".857","0.5","5.0","4.0","0.6","0.5","2.8","15.2",2025,108816.440580207,101183.559419793,FALSE,TRUE,FALSE,"Overvalued","Marina Mabrey"
"marine johannes","NYL","G","21","384",12.9,".604",".594",".795",".060","2.8","6.9","12.6","2.1","1.0","19.5","17.6","100","103","0.2","0.6","0.8",".083",2025,"New York Liberty",2025,"$66,079 ","Unprotected",66079,"NYL","G","21","384","2.5","5.6",".444","1.7","4.4",".376","0.8","1.1",".708","0.3","0.3",".857","0.4","2.2","1.4","0.8","0.2","1.4","6.9",2025,110045.00918991,-43966.0091899105,TRUE,FALSE,FALSE,"Undervalued","Marine Johannes"
"marieme badiane","MIN","C","3","11",0,".000",".000",".333",".000","10.8","5.3","0.0","9.5","0.0","40.0","20.8","15","87","-0.1","0.0","-0.1","-0.365",2025,"Minnesota Lynx",2025,"$12,216 ","Waived",12216,"MIN","C","3","11","0.0","1.0",".000","0.0","0.3",".000","0.0","0.7",".000","0.0","0.0","","0.3","0.3","0.0","0.7","0.0","0.7","0.0",2025,-18954.6948289827,31170.6948289827,FALSE,FALSE,FALSE,NA,NA
"marquesha davis","NYL","G","9","31",6.4,".565",".250",".750","1.750","3.9","9.1","4.5","0.0","3.0","29.8","14.7","92","105","0.0","0.0","0.0",".029",2025,"New York Liberty",2025,"$71,753 ","Unprotected",71753,"NYL","G","9","31","0.1","0.4",".250","0.0","0.3",".000","0.1","0.1","1.000","0.7","0.8",".857","0.1","0.6","0.1","0.0","0.1","0.3","0.9",2025,83426.0226463294,-11673.0226463294,TRUE,FALSE,FALSE,"Undervalued","Marquesha Davis"
"maya caldwell","ATL","G","20","275",8.3,".431",".427",".512",".073","6.3","9.1","14.1","2.3","1.2","18.3","17.0","87","101","-0.3","0.5","0.2",".026",2025,"Atlanta Dream",2025,"$66,079 ","Unprotected",66079,"ATL","G","20","275","1.5","4.1",".366","0.5","2.1",".238","1.0","2.0",".500","0.2","0.3",".500","0.8","2.2","1.2","0.6","0.2","1.0","3.7",2025,91206.9571744531,-25127.9571744531,TRUE,FALSE,FALSE,"Undervalued","Maya Caldwell"
"megan gustafson","LVA","C","3","57",3.1,".351",".281",".625",".563","4.1","10.3","5.7","0.9","1.5","9.1","17.4","78","107","-0.1","0.0","-0.1","-0.063",2025,"Las Vegas Aces",2025,"$96,820 ","Unprotected",96820,"LVA","C","3","57","1.3","5.3",".250","0.3","3.3",".100","1.0","2.0",".500","1.7","3.0",".556","0.7","3.3","0.7","0.3","0.3","0.7","4.7",2025,69911.7679395882,26908.2320604118,FALSE,FALSE,FALSE,NA,NA
"megan mcconnell","PHO","G","1","13",15.7,".375",".375",".500",".000","8.6","4.4","34.8","3.9","0.0","0.0","13.8","120","103","0.0","0.0","0.1",".171",2025,"Phoenix Mercury",2025,"$56,084 ","Unprotected",56084,"PHO","G","1","13","1.0","4.0",".250","1.0","2.0",".500","0.0","2.0",".000","0.0","0.0","","1.0","1.0","3.0","1.0","0.0","0.0","3.0",2025,121511.649547145,-65427.6495471454,TRUE,FALSE,FALSE,"Undervalued","Megan Mcconnell"
"mercedes russell","LAS","C","20","163",9.8,".513",".444",".000",".519","7.6","9.0","11.3","1.6","2.4","17.4","11.1","108","112","0.2","0.0","0.2",".045",2025,"Los Angeles Sparks",2025,"$160,000 ","Unprotected",160000,"LAS","C","20","163","0.6","1.4",".444","0.0","0.0","","0.6","1.4",".444","0.5","0.7",".714","0.5","1.2","0.6","0.3","0.2","0.4","1.7",2025,97349.8002229718,62650.1997770282,FALSE,FALSE,FALSE,NA,NA
"michaela onyenwere","CHI","F","22","313",7.4,".493",".445",".308",".209","3.7","7.6","12.8","1.5","0.6","19.5","17.3","92","112","-0.1","0.0","-0.1","-0.018",2025,"Chicago Sky",2025,"$125,000 ","Unprotected",125000,"CHI","F","22","313","1.6","4.1",".396","0.4","1.3",".321","1.2","2.9",".429","0.8","0.9",".895","0.5","1.9","1.1","0.4","0.1","1.1","4.5",2025,87521.2513453418,37478.7486546582,FALSE,FALSE,FALSE,NA,NA
"monique makani","PHO","G","21","441",15,".602",".558",".471",".188","3.5","5.5","20.9","2.4","0.2","16.3","18.1","113","104","1.0","0.6","1.6",".147",2025,"Phoenix Mercury",2025,"$66,079 ","Unprotected",66079,"PHO","G","21","441","3.0","6.6",".457","1.3","3.1",".431","1.7","3.5",".479","1.2","1.2","1.000","0.7","2.0","2.6","1.0","0.0","1.4","8.6",2025,118644.989457837,-52565.9894578367,TRUE,FALSE,FALSE,"Undervalued","Monique Makani"
"monique billings","GSV","F","20","364",18,".556",".529",".231",".347","9.3","15.3","4.9","1.9","4.3","10.9","19.3","108","98","0.6","0.8","1.4",".157",2025,"Golden State Valkyries",2025,"$110,000 ","Protected Veteran",110000,"GSV","F","20","364","3.0","6.1",".496","0.4","1.4",".286","2.6","4.7",".559","1.4","2.1",".643","1.5","4.9","0.5","0.7","0.8","0.9","7.8",2025,130930.675554874,-20930.6755548741,TRUE,FALSE,FALSE,"Undervalued","Monique Billings"
"moriah jefferson","CHI","G","4","34",10,".438",".438",".375",".000","0.0","8.3","42.4","0.0","0.0","20.0","12.9","105","115","0.0","0.0","0.0",".026",2025,"Chicago Sky",2025,"$145,500 ","Protected Veteran",145500,"CHI","G","4","34","0.8","2.0",".375","0.3","0.8",".333","0.5","1.3",".400","0.0","0.0","","0.0","1.3","2.3","0.0","0.0","0.5","1.8",2025,98168.8459627743,47331.1540372257,FALSE,FALSE,FALSE,NA,NA
"murjanatu musa","PHO","C","12","122",13.8,".502",".471",".057",".314","16.4","14.6","9.4","1.7","1.6","14.9","17.2","107","103","0.2","0.2","0.4",".118",2025,"Phoenix Mercury",2025,"$66,079 ","Unprotected",66079,"PHO","C","12","122","1.3","2.9",".457","0.1","0.2",".500","1.3","2.8",".455","0.6","0.9",".636","1.5","2.6","0.6","0.3","0.2","0.6","3.3",2025,113730.715019022,-47651.7150190217,TRUE,FALSE,FALSE,"Undervalued","Murjanatu Musa"
"myisha allen","DAL","F","23","491",11.8,".535",".500",".221",".303","6.0","14.2","21.7","1.8","2.1","28.5","16.9","93","108","-0.2","0.3","0.1",".011",2025,"Dallas Wings",2025,"$203,000 ","Protected Veteran",203000,"DAL","F","23","491","2.5","5.3",".467","0.3","1.2",".296","2.1","4.1",".516","1.1","1.6",".703","1.2","5.3","2.9","0.7","0.5","2.4","6.4",2025,105540.257620997,97459.7423790033,FALSE,FALSE,FALSE,NA,NA
"nalyssa smith","LVA","F","24","473",12.7,".489",".442",".087",".457","9.7","14.8","7.1","1.2","3.9","13.1","17.5","101","108","0.3","0.3","0.6",".055",2025,"Dallas Wings",2025,"$91,981 ","Protected Rookie Scale",91981,"LVA","F","24","473","2.5","5.8",".435","0.1","0.5",".167","2.4","5.3",".460","1.7","2.6",".635","1.7","5.1","0.8","0.5","0.8","1.0","6.8",2025,109225.963450108,-17244.963450108,TRUE,FALSE,FALSE,"Undervalued","Nalyssa Smith"
"napheesa collier","MIN","F","21","701",29.9,".621",".557",".230",".323","7.5","13.2","19.1","2.8","4.3","10.9","28.8","120","94","3.5","2.0","5.4",".310",2025,"Minnesota Lynx",2025,"$214,284 ","Unprotected",214284,"MIN","F","21","701","8.5","16.4",".517","1.3","3.8",".342","7.2","12.6",".570","5.0","5.3",".946","2.1","7.6","3.3","1.8","1.6","2.3","23.2",2025,179663.897073123,34620.1029268774,FALSE,FALSE,FALSE,NA,NA
"natasha cloud","NYL","G","20","568",15.8,".543",".494",".458",".211","1.7","7.3","33.2","2.4","1.0","16.9","17.4","112","101","1.3","1.0","2.3",".159",2025,"New York Liberty",2025,"$200,000 ","Protected Veteran",2e+05,"NYL","G","20","568","3.5","8.3",".422","1.2","3.8",".316","2.3","4.5",".511","1.7","1.8",".943","0.4","3.7","6.0","1.4","0.3","1.9","9.9",2025,121921.172417047,78078.8275829533,FALSE,FALSE,FALSE,NA,NA
"natasha howard","IND","F","23","554",18.5,".588",".563",".090",".332","10.4","16.4","7.5","2.1","1.8","17.1","22.4","106","100","0.9","1.0","1.9",".138",2025,"Indiana Fever",2025,"$214,466 ","Protected Veteran",214466,"IND","F","23","554","4.8","8.7",".553","0.2","0.8",".222","4.6","7.9",".586","1.9","2.9",".667","2.0","6.6","1.0","1.0","0.5","2.0","11.7",2025,132978.28990438,81487.7100956196,FALSE,FALSE,FALSE,NA,NA
"natasha mack","PHO","F","12","208",17.7,".505",".500",".088",".441","15.0","20.1","6.6","4.2","6.6","16.5","10.5","113","91","0.3","0.7","1.0",".191",2025,"Phoenix Mercury",2025,"$66,079 ","Unprotected",66079,"PHO","F","12","208","1.4","2.8",".500","0.0","0.3",".000","1.4","2.6",".548","0.6","1.3",".467","2.3","6.1","0.8","1.4","1.2","0.7","3.4",2025,129702.10694517,-63623.1069451704,TRUE,FALSE,FALSE,"Undervalued","Natasha Mack"
"natisha hiedeman","MIN","G","24","440",14.4,".529",".497",".405",".229","0.8","6.1","25.6","1.4","0.8","12.9","20.2","107","101","0.7","0.7","1.5",".132",2025,"Minnesota Lynx",2025,"$135,000 ","Protected Veteran",135000,"MIN","G","24","440","2.8","6.4",".444","0.7","2.6",".258","2.2","3.8",".571","1.1","1.5",".743","0.1","1.9","2.9","0.5","0.2","1.0","7.4",2025,116187.852238429,18812.1477615708,FALSE,FALSE,FALSE,NA,NA
"naz hillmon","ATL","F","22","450",17.1,".614",".589",".559",".237","8.0","13.8","15.6","1.1","1.9","15.0","15.4","119","101","1.2","0.8","2.0",".178",2025,"Atlanta Dream",2025,"$80,823 ","Protected Rookie Scale",80823,"ATL","F","22","450","2.6","5.4",".492","1.0","3.0",".348","1.6","2.4",".673","1.0","1.3",".750","1.4","5.0","1.9","0.5","0.5","1.0","7.3",2025,127244.969725763,-46421.9697257629,TRUE,FALSE,FALSE,"Undervalued","Naz Hillmon"
"nia coffey","ATL","F","22","253",12.2,".487",".444",".650",".350","6.9","14.2","15.4","1.2","2.7","17.1","19.9","97","100","0.0","0.5","0.5",".086",2025,"Atlanta Dream",2025,"$150,000 ","Protected Veteran",150000,"ATL","F","22","253","1.3","3.6",".350","0.7","2.4",".288","0.6","1.3",".464","0.9","1.3",".679","0.7","2.9","1.1","0.3","0.4","0.9","4.1",2025,107178.349100602,42821.6508993983,FALSE,FALSE,FALSE,NA,NA
"nneka ogwumike","SEA","F","23","724",21.5,".584",".553",".253",".186","5.4","14.8","13.3","2.1","2.0","12.2","24.4","108","99","1.5","1.5","3.0",".166",2025,"Seattle Storm",2025,"$195,000 ","Protected Veteran",195000,"SEA","F","23","724","6.9","13.6",".510","1.2","3.4",".342","5.7","10.1",".567","2.1","2.5",".845","1.4","7.7","2.3","1.3","0.7","2.0","17.1",2025,145263.976001418,49736.0239985822,FALSE,FALSE,FALSE,NA,NA
"nyara sabally","NYL","C","15","291",13.8,".537",".500",".099",".352","10.7","14.3","7.1","1.6","5.1","16.3","15.3","106","99","0.3","0.6","0.9",".128",2025,"New York Liberty",2025,"$79,999 ","Unprotected",79999,"NYL","C","15","291","2.3","4.7",".493","0.1","0.5",".143","2.3","4.3",".531","1.1","1.7",".680","1.7","4.9","0.9","0.6","1.1","1.1","5.9",2025,113730.715019022,-33731.7150190217,TRUE,FALSE,FALSE,"Undervalued","Nyara Sabally"
"odyssey sims","LAS","G","12","354",12,".532",".479",".354",".354","2.1","6.1","19.4","1.4","0.3","13.3","16.3","108","114","0.5","-0.1","0.5",".054",2025,"Los Angeles Sparks",2025,"$130,000 ","Unprotected",130000,"LAS","G","12","354","3.3","8.0",".417","1.0","2.8",".353","2.3","5.2",".452","2.2","2.8",".765","0.5","2.9","3.5","0.8","0.1","1.4","9.8",2025,106359.303360799,23640.6966392008,FALSE,FALSE,FALSE,NA,NA
"olivia ododa","CON","C","21","490",16.4,".552",".489",".008",".496","9.0","15.3","7.5","1.5","5.3","14.7","17.8","105","111","0.6","0.1","0.7",".059",2025,"Connecticut Suns",2025,"$80,823.00","Protected Rookie Scale",80823,"CON","C","21","490","3.1","6.3",".489","0.0","0.0",".000","3.1","6.3",".492","2.3","3.1",".742","1.9","6.0","0.9","0.7","1.3","1.3","8.5",2025,124378.309636454,-43555.3096364541,TRUE,FALSE,FALSE,"Undervalued","Olivia Ododa"
"paige bueckers","DAL","G","18","629",19.8,".538",".485",".223",".281","2.3","6.5","29.1","2.5","1.9","12.3","24.0","110","110","1.6","0.2","1.8",".118",2025,"Dallas Wings",2025,"$78,831 ","Unprotected",78831,"DAL","G","18","629","6.8","15.2",".449","1.1","3.4",".328","5.7","11.8",".484","3.6","4.3",".844","0.7","4.0","5.5","1.7","0.7","2.4","18.4",2025,138302.087213097,-59471.0872130966,TRUE,FALSE,FALSE,"Undervalued","Paige Bueckers"
"rachel banham","CHI","G","22","473",12,".562",".527",".758",".154","1.0","3.1","18.2","1.3","0.6","12.1","16.8","112","115","0.9","-0.2","0.8",".064",2025,"Chicago Sky",2025,"$95,000 ","Protected Veteran",95000,"CHI","G","22","473","2.6","6.8",".383","2.0","5.1",".381","0.6","1.6",".389","1.0","1.0",".957","0.2","1.2","2.3","0.5","0.1","1.0","8.1",2025,106359.303360799,-11359.3033607992,TRUE,FALSE,FALSE,"Undervalued","Rachel Banham"
"rae burrell","LAS","G-F","6","67",8.7,".535",".559",".235",".353","1.8","8.2","5.1","1.5","1.4","13.3","15.2","94","112","0.0","0.0","0.0","-0.001",2025,"Los Angeles Sparks",2025,"$125,000 ","Unprotected",125000,"LAS","G-F","6","67","1.5","2.8",".529","0.2","0.7",".250","1.3","2.2",".615","0.3","1.0",".333","0.2","1.5","0.3","0.3","0.2","0.5","3.5",2025,92845.048654058,32154.951345942,FALSE,FALSE,FALSE,NA,NA
"rayah marshall","CON","C-F","8","49",5,".352",".308",".077",".462","11.5","20.4","10.7","0.0","2.0","24.2","19.3","71","114","-0.2","0.0","-0.2","-0.160",2025,"Connecticut Suns",2025,"$69,267 ","Unprotected",69267,"CON","C-F","8","49","0.5","1.6",".308","0.0","0.1",".000","0.5","1.5",".333","0.4","0.8",".500","0.6","2.1","0.4","0.0","0.1","0.6","1.4",2025,77692.7024677119,-8425.70246771188,TRUE,FALSE,FALSE,"Undervalued","Rayah Marshall"
"rebecca allen","CHI","F-G","22","432",10.2,".478",".464",".543",".138","2.7","9.3","12.9","1.3","2.9","14.1","17.3","94","110","-0.1","0.1","0.1",".006",2025,"Chicago Sky",2025,"$160,000 ","Protected Veteran",160000,"CHI","F-G","22","432","2.3","6.3",".370","1.2","3.4",".347","1.1","2.9",".397","0.5","0.9",".632","0.5","3.2","1.5","0.5","0.6","1.1","6.4",2025,98987.8917025768,61012.1082974232,FALSE,FALSE,FALSE,NA,NA
"rebekah gardner","NYL","G","21","277",12.9,".609",".576",".364",".242","6.5","7.9","6.8","2.0","1.7","11.0","13.4","118","103","0.6","0.4","1.0",".147",2025,"New York Liberty",2025,"$66,079 ","Unprotected",66079,"NYL","G","21","277","1.6","3.1",".500","0.5","1.1",".417","1.1","2.0",".548","0.6","0.8",".813","0.7","1.9","0.6","0.5","0.2","0.4","4.2",2025,110045.00918991,-43966.0091899105,TRUE,FALSE,FALSE,"Undervalued","Rebekah Gardner"
"rhyne howard","ATL","G","19","670",16.4,".495",".447",".651",".264","3.6","8.1","22.2","2.4","2.3","10.5","23.8","105","100","1.0","1.3","2.3",".139",2025,"Atlanta Dream",2025,"$91,981 ","Protected Rookie Scale",91981,"ATL","G","19","670","5.2","14.9",".349","2.9","9.7",".303","2.3","5.2",".434","3.2","3.9",".800","1.1","5.0","4.5","1.6","0.9","1.9","16.5",2025,124378.309636454,-32397.3096364541,TRUE,FALSE,FALSE,"Undervalued","Rhyne Howard"
"rickea jackson","LAS","F","17","512",10.7,".507",".473",".325",".215","3.1","6.0","11.6","1.2","1.5","15.4","22.8","93","114","-0.2","-0.1","-0.3","-0.025",2025,"Los Angeles Sparks",2025,"$78,066 ","Unprotected",78066,"LAS","F","17","512","5.1","11.8",".430","1.0","3.8",".262","4.1","7.9",".511","1.9","2.5",".767","0.8","2.9","1.9","0.7","0.5","2.4","13.1",2025,101035.506052083,-22969.506052083,TRUE,FALSE,FALSE,"Undervalued","Rickea Jackson"
"robyn parks","CON","F","6","63",1.1,".200",".200",".800",".000","1.8","8.4","5.0","1.7","0.0","16.7","4.4","58","116","-0.1","0.0","-0.1","-0.071",2025,"Connecticut Suns",2025,"$11,106.00","Waived",11106,"CON","F","6","63","0.2","0.8",".200","0.0","0.7",".000","0.2","0.2","1.000","0.0","0.0","","0.2","1.5","0.3","0.3","0.0","0.2","0.3",2025,61721.3105415632,-50615.3105415632,TRUE,FALSE,FALSE,"Undervalued","Robyn Parks"
"sabrina ionescu","NYL","G","20","621",21.3,".530",".460",".518",".299","2.7","8.0","31.4","2.4","1.2","12.7","29.4","107","101","1.5","1.1","2.6",".166",2025,"New York Liberty",2025,"$208,060 ","Unprotected",208060,"NYL","G","20","621","5.9","15.6",".379","2.5","8.1",".311","3.4","7.5",".453","4.4","4.7",".935","0.7","4.4","5.5","1.5","0.4","2.6","18.7",2025,144444.930261615,63615.0697383847,FALSE,FALSE,FALSE,NA,NA
"sami whitcomb","PHO","G","21","553",14,".564",".535",".683",".177","2.2","7.3","17.4","1.7","0.7","14.1","18.9","107","104","0.8","0.7","1.6",".114",2025,"Phoenix Mercury",2025,"$125,000 ","Unprotected",125000,"PHO","G","21","553","3.6","8.9",".409","2.2","6.0",".370","1.4","2.8",".492","1.3","1.6",".818","0.5","3.3","2.8","0.9","0.2","1.6","10.8",2025,114549.760758824,10450.2392411758,FALSE,FALSE,FALSE,NA,NA
"sania feagin","LAS","F","8","40",0,".252",".263",".211",".105","0.0","4.6","4.2","0.0","12.0","20.1","28.1","44","110","-0.4","0.0","-0.4","-0.394",2025,"Los Angeles Sparks",2025,"$69,267 ","Unprotected",69267,"LAS","F","8","40","0.6","2.4",".263","0.0","0.5",".000","0.6","1.9",".333","0.0","0.3",".000","0.0","0.4","0.1","0.0","0.6","0.6","1.3",2025,25273.7751203521,43993.2248796479,FALSE,FALSE,FALSE,NA,NA
"saniya rivers","CON","G","20","551",12.5,".450",".420",".337",".195","3.1","6.7","20.3","3.3","3.3","15.2","18.0","90","112","-0.4","0.1","-0.4","-0.027",2025,"Connecticut Suns",2025,"$75,643 ","Unprotected",75643,"CON","G","20","551","3.2","8.5",".379","0.7","2.9",".246","2.5","5.6",".446","1.2","1.7",".697","0.8","3.2","3.0","1.8","1.0","1.7","8.3",2025,108406.917710305,-32763.9177103055,TRUE,FALSE,FALSE,"Undervalued","Saniya Rivers"
"sarah barker","LAS","G","21","365",3.6,".459",".414",".632",".237","2.4","8.9","9.2","1.4","1.1","27.6","14.3","77","112","-0.7","0.0","-0.7","-0.075",2025,"Los Angeles Sparks",2025,"$72,455 ","Unprotected",72455,"LAS","G","21","365","1.1","3.6",".316","0.7","2.3",".313","0.4","1.3",".321","0.7","0.9",".778","0.3","2.5","1.0","0.5","0.2","1.5","3.7",2025,71959.3822890944,495.617710905601,FALSE,FALSE,FALSE,NA,NA
"satou sabally","PHO","F","18","509",21.7,".526",".451",".397",".412","6.1","15.6","17.5","2.5","1.7","11.6","32.6","104","97","1.0","1.2","2.1",".166",2025,"Phoenix Mercury",2025,"$215,000 ","Protected Veteran",215000,"PHO","F","18","509","6.0","15.4",".390","1.9","6.1",".309","4.1","9.3",".443","5.2","6.3",".825","1.6","7.7","2.6","1.4","0.5","2.4","19.1",2025,146083.02174122,68916.9782587797,FALSE,FALSE,FALSE,NA,NA
"sevgi uzun","PHO","G","7","102",2.2,".331",".250",".571",".429","0.0","3.4","19.3","2.0","2.9","37.5","11.7","67","103","-0.3","0.1","-0.2","-0.059",2025,"Phoenix Mercury",2025,"$11,106 ","Waived",11106,"PHO","G","7","102","0.4","2.0",".214","0.1","1.1",".125","0.3","0.9",".333","0.6","0.9",".667","0.0","0.9","2.0","0.6","0.4","1.4","1.6",2025,66226.0621104769,-55120.0621104769,TRUE,FALSE,FALSE,"Undervalued","Sevgi Uzun"
"shakira austin","WAS","C-F","19","410",20.4,".513",".474",".026",".383","10.1","18.0","18.0","2.5","4.8","16.7","30.1","95","96","-0.1","1.0","1.0",".094",2025,"Washington Mystics",2025,"$91,981 ","Protected Rookie Scale",91981,"WAS","C-F","19","410","4.9","10.3",".474","0.0","0.3",".000","4.9","10.1",".487","2.6","3.9",".653","1.8","6.6","1.8","1.1","1.1","2.4","12.4",2025,140759.224432504,-48778.2244325041,TRUE,FALSE,FALSE,"Undervalued","Shakira Austin"
"shatori kimbrough","ATL","G","22","199",4.3,".387",".365",".432",".189","1.7","5.2","9.1","1.3","3.0","18.3","11.1","79","103","-0.3","0.3","0.0",".004",2025,"Atlanta Dream",2025,"$150,000 ","Protected Veteran",150000,"ATL","G","22","199","0.5","1.7",".324","0.1","0.7",".188","0.4","1.0",".429","0.2","0.3",".571","0.1","0.8","0.5","0.2","0.3","0.4","1.4",2025,74826.0423784031,75173.9576215969,FALSE,FALSE,FALSE,NA,NA
"shey peddy","LAS","G","6","138",10.3,".563",".521",".542",".250","5.4","8.0","17.8","0.7","0.0","13.1","10.0","123","115","0.3","-0.1","0.3",".075",2025,"Los Angeles Sparks",2025,"$44,715 ","Active Hardship Contract",44715,"LAS","G","6","138","1.7","4.0",".417","0.8","2.2",".385","0.8","1.8",".455","0.8","1.0",".833","1.0","3.0","2.7","0.3","0.0","0.7","5.0",2025,99397.414572478,-54682.414572478,TRUE,FALSE,FALSE,"Undervalued","Shey Peddy"
"sika kone","WAS","F","11","74",7.9,".524",".417",".167",".500","4.8","14.3","11.4","0.0","0.0","21.5","17.0","95","105","0.0","0.1","0.1",".043",2025,"Washington Mystics",2025,"$66,710 ","Unprotected",66710,"WAS","F","11","74","0.6","1.6",".389","0.1","0.3",".333","0.5","1.4",".400","0.7","0.8",".889","0.3","1.6","0.5","0.0","0.0","0.5","2.1",2025,89568.8656948481,-22858.8656948481,TRUE,FALSE,FALSE,"Undervalued","Sika Kone"
"skylar diggins","SEA","G","23","749",19.3,".550",".487",".287",".413","1.7","4.2","30.8","1.7","2.0","13.5","25.9","108","105","1.9","0.9","2.7",".145",2025,"Seattle Storm",2025,"$214,466 ","Protected Veteran",214466,"SEA","G","23","749","5.8","13.5",".432","1.5","3.9",".382","4.3","9.6",".452","4.4","5.6",".789","0.5","2.3","5.8","1.1","0.7","2.5","17.5",2025,136254.47286359,78211.5271364097,FALSE,FALSE,FALSE,NA,NA
"sonia citron","WAS","G","22","737",14.8,".587",".526",".416",".325","2.7","8.7","11.2","1.6","0.9","14.0","18.7","109","103","1.3","1.0","2.3",".125",2025,"Washington Mystics",2025,"$78,831 ","Unprotected",78831,"WAS","G","22","737","4.7","10.5",".450","1.6","4.4",".365","3.1","6.1",".511","3.0","3.4",".893","0.8","5.0","2.0","1.0","0.3","2.0","14.1",2025,117825.943718034,-38994.9437180342,TRUE,FALSE,FALSE,"Undervalued","Sonia Citron"
"sophie cunningham","IND","G","18","415",10.7,".583",".537",".660",".277","3.5","10.6","5.7","2.1","0.4","17.3","13.8","105","102","0.4","0.6","1.0",".096",2025,"Indiana Fever",2025,"$100,000 ","Unprotected",1e+05,"IND","G","18","415","2.2","5.2",".415","1.3","3.4",".371","0.9","1.8",".500","1.2","1.4",".846","0.7","4.1","0.9","0.9","0.1","1.2","6.8",2025,101035.506052083,-1035.50605208302,FALSE,FALSE,FALSE,NA,NA
"stefanie dolson","WAS","C","22","356",4.2,".398",".377",".558",".065","3.0","8.9","14.9","1.0","1.9","19.3","12.4","83","104","-0.4","0.5","0.0",".003",2025,"Washington Mystics",2025,"$170,000 ","Protected Veteran",170000,"WAS","C","22","356","1.1","3.5",".312","0.5","2.0",".233","0.6","1.5",".412","0.2","0.2","1.000","0.4","2.5","1.5","0.3","0.3","0.9","2.9",2025,74416.5195085019,95583.4804914981,FALSE,FALSE,FALSE,NA,NA
"stephanie talbot","GSV","F","16","268",8.7,".437",".407",".542",".237","5.9","11.2","20.0","1.7","0.4","22.6","14.1","91","102","-0.1","0.4","0.3",".042",2025,"Golden State Valkyries",2025,"$125,000 ","Protected Veteran",125000,"GSV","F","16","268","1.3","3.7",".339","0.5","2.0",".250","0.8","1.7",".444","0.6","0.9",".643","0.9","3.3","2.0","0.6","0.1","1.2","3.6",2025,92845.048654058,32154.951345942,FALSE,FALSE,FALSE,NA,NA
"sug sutton","WAS","G","21","522",12.1,".578",".558",".455",".231","0.9","3.7","21.8","2.2","0.6","19.4","14.2","105","105","0.5","0.6","1.1",".088",2025,"Washington Mystics",2025,"$78,831 ","Unprotected",78831,"WAS","G","21","522","2.7","5.8",".463","1.1","2.6",".418","1.6","3.1",".500","0.9","1.3",".679","0.2","1.6","3.1","1.0","0.1","1.5","7.3",2025,106768.8262307,-27937.8262307005,TRUE,FALSE,FALSE,"Undervalued","Sug Sutton"
"sydney colson","IND","G","22","311",6.7,".474",".446",".607",".125","2.0","3.5","20.0","1.6","1.5","28.0","11.9","92","107","-0.1","0.3","0.2",".019",2025,"Indiana Fever",2025,"$90,000 ","Unprotected",90000,"IND","G","22","311","0.9","2.5",".357","0.5","1.5",".294","0.5","1.0",".455","0.3","0.3",".857","0.2","0.8","2.0","0.5","0.2","1.0","2.5",2025,84654.5912560331,5345.40874396691,FALSE,FALSE,FALSE,NA,NA
"taylor thierry","ATL","G-F","11","22",5.4,".254",".214",".286",".286","5.3","7.8","6.7","4.7","0.0","0.0","16.2","73","97","-0.1","0.1","0.0","-0.011",2025,"Atlanta Dream",2025,"$66,079 ","Unprotected",66079,"ATL","G-F","11","22","0.1","0.6",".143","0.1","0.2",".500","0.0","0.5",".000","0.1","0.2",".500","0.1","0.3","0.1","0.2","0.0","0.0","0.4",2025,79330.7939473169,-13251.7939473169,TRUE,FALSE,FALSE,"Undervalued","Taylor Thierry"
"te paopao","ATL","G","21","262",16.3,".652",".654",".617",".136","2.7","6.3","23.4","1.0","0.6","16.5","17.7","117","105","0.7","0.3","1.0",".156",2025,"Atlanta Dream",2025,"$69,267 ","Unprotected",69267,"ATL","G","21","262","2.0","3.9",".506","1.1","2.4",".480","0.8","1.5",".548","0.3","0.5",".545","0.3","1.4","1.7","0.2","0.1","0.8","5.3",2025,123968.786766553,-54701.7867665529,TRUE,FALSE,FALSE,"Undervalued","Te Paopao"
"teaira mccowan","DAL","C","14","186",19.1,".592",".555",".036",".345","13.6","18.7","7.5","1.1","5.5","17.0","17.6","111","107","0.4","0.1","0.5",".115",2025,"Dallas Wings",2025,"$201,400 ","Temporary Suspension",201400,"DAL","C","14","186","2.1","3.9",".545","0.1","0.1",".500","2.1","3.8",".547","1.0","1.4",".737","1.6","4.4","0.6","0.3","0.8","0.9","5.4",2025,135435.427123788,65964.5728762122,FALSE,FALSE,FALSE,NA,NA
"temi fagbenle","GSV","C","17","412",15.4,".581",".569",".257",".220","10.4","12.4","13.8","2.4","2.8","18.4","16.0","109","100","0.6","0.8","1.5",".141",2025,"Golden State Valkyries",2025,"$90,000 ","Unprotected",90000,"GSV","C","17","412","3.5","6.4",".541","0.4","1.6",".214","3.1","4.8",".654","0.9","1.4",".625","2.2","5.3","1.8","1.1","0.6","1.6","8.2",2025,120283.080937442,-30283.0809374417,TRUE,FALSE,FALSE,"Undervalued","Temi Fagbenle"
"tiffany hayes","GSV","G","15","395",15.8,".590",".541",".434",".276","2.0","7.9","19.8","0.9","0.8","15.6","21.9","108","104","0.8","0.5","1.3",".128",2025,"Golden State Valkyries",2025,"$200,000 ","Unprotected",2e+05,"GSV","G","15","395","4.3","9.7",".441","1.9","4.2",".460","2.3","5.5",".427","2.3","2.7",".875","0.5","3.7","2.7","0.5","0.2","2.0","12.8",2025,121921.172417047,78078.8275829533,FALSE,FALSE,FALSE,NA,NA
"tiffany mitchell","SEA","G","19","268",9.2,".566",".500",".316",".614","3.5","7.2","4.9","1.7","1.0","17.2","14.8","100","107","0.1","0.2","0.4",".054",2025,"Las Vegas Aces",2025,"$101,123 ","Unprotected",101123,"SEA","G","19","268","1.3","3.0",".439","0.4","0.9",".389","0.9","2.1",".462","1.3","1.8",".714","0.4","1.7","0.4","0.5","0.2","0.8","4.3",2025,94892.6630035643,6230.33699643571,FALSE,FALSE,FALSE,NA,NA
"tina charles","CON","C","22","633",15.3,".484",".408",".068",".343","6.2","11.5","12.5","1.4","1.2","12.8","29.5","94","115","-0.3","-0.3","-0.5","-0.033",2025,"Connecticut Suns",2025,"$170,000 ","Protected Veteran",170000,"CON","C","22","633","5.6","14.0",".401","0.2","1.0",".190","5.5","13.1",".417","4.2","4.8",".868","1.6","5.6","1.6","0.8","0.4","2.4","15.6",2025,119873.55806754,50126.4419324596,FALSE,FALSE,FALSE,NA,NA
"tyasha harris","DAL","G","5","82",14.2,".609",".583",".611",".111","1.3","3.5","24.8","1.2","2.3","13.7","11.5","127","114","0.2","0.0","0.2",".102",2025,"Dallas Wings",2025,"$100,013 ","Unprotected",100013,"DAL","G","5","82","1.6","3.6",".444","1.0","2.2",".455","0.6","1.4",".429","0.4","0.4","1.000","0.2","1.0","2.6","0.4","0.4","0.6","4.6",2025,115368.806498627,-15355.8064986267,TRUE,FALSE,FALSE,"Undervalued","Tyasha Harris"
"veronica burton","GSV","G","22","637",17.3,".535",".441",".476",".476","4.6","8.1","32.7","2.0","1.8","15.7","18.9","114","102","1.7","1.0","2.7",".172",2025,"Golden State Valkyries",2025,"$78,831 ","Unprotected",78831,"GSV","G","22","637","3.0","8.5",".358","1.4","4.0",".348","1.6","4.5",".367","3.5","4.0",".865","1.2","4.1","5.4","1.1","0.5","1.9","11.0",2025,128064.015465565,-49233.0154655654,TRUE,FALSE,FALSE,"Undervalued","Veronica Burton"
"zia cooke","SEA","G","21","217",3.8,".417",".391",".435",".217","3.3","3.0","8.4","2.1","0.4","17.5","19.4","78","106","-0.6","0.2","-0.4","-0.067",2025,"Seattle Storm",2025,"$66,079 ","Unprotected",66079,"SEA","G","21","217","1.0","3.3",".319","0.5","1.4",".333","0.6","1.9",".308","0.4","0.7",".600","0.3","0.5","0.6","0.4","0.0","0.8","3.0",2025,72778.4280288969,-6699.4280288969,TRUE,FALSE,FALSE,"Undervalued","Zia Cooke"
