Player,Team,Year,Salary,Protection Status
Cheyenne Parker-Tyus ,Atlanta Dream,2024,"$200,000.00",Protected Veteran
Jordin Canada ,Atlanta Dream,2024,"$185,000.00",Protected Veteran
Allisha Gray ,Atlanta Dream,2024,"$185,000.00",Protected Veteran
Aerial Powers ,Atlanta Dream,2024,"$155,000.00",Protected Veteran
Nia Coffey ,Atlanta Dream,2024,"$150,000.00",Protected Veteran
Tina Charles,Atlanta Dream,2024,"$130,000.00",Unprotected
Rhyne Howard ,Atlanta Dream,2024,"$80,943.00",Unprotected
Iliana Rupert,Atlanta Dream,2024,N/A,Full-Season Suspension
Laeticia Amihere,Atlanta Dream,2024,"$72,727.00",Unprotected
Haley Jones ,Atlanta Dream,2024,"$72,727.00",Unprotected
Naz Hillmon ,Atlanta Dream,2024,"$71,124.00",Unprotected
Lorela Cubaj,Atlanta Dream,2024,"$64,154.00",Unprotected
Maya Caldwell ,Atlanta Dream,2024,"$36,841.00",Unprotected
Ezinne Kalu,Atlanta Dream,2024,"$1,270.00",Hardship Active
Danielle Robinson ,Atlanta Dream,2024,N/A,Unrestricted Free Agent
Maite Cazorla,Atlanta Dream,2024,N/A,Suspended Contract Expired
Crystal Dangerfield ,Atlanta Dream,2024,"$36,436.00",Waived
Destanni Henderson,Atlanta Dream,2024,"$8,892.00",7-day Complete
Elizabeth Williams ,Chicago Sky,2024,"$165,000.00",Protected Veteran
Isabelle Harrison ,Chicago Sky,2024,"$160,000.00",Protected Veteran
Brianna Turner ,Chicago Sky,2024,"$150,000.00",Protected Veteran
Moriah Jefferson ,Chicago Sky,2024,"$141,500.00",Protected Veteran
Diamond DeShields,Chicago Sky,2024,"$100,000.00",Unprotected
Rachel Banham ,Chicago Sky,2024,"$95,000.00",Protected Veteran
Lindsay Allen ,Chicago Sky,2024,"$90,000.00",Unprotected
Michaela Onyenwere ,Chicago Sky,2024,"$85,690.00",Protected Rookie
Dana Evans ,Chicago Sky,2024,"$78,469.00",Protected Rookie
Kamilla Cardoso,Chicago Sky,2024,"$76,535.00",Unprotected
Chennedy Carter ,Chicago Sky,2024,"$76,535.00",Unprotected
Angel Reese,Chicago Sky,2024,"$73,439.00",Unprotected
Kaela Davis,Chicago Sky,2024,"$1,516.00",Active Hardship Contract
Nikolina Milić,Chicago Sky,2024,N/A,Reserved Free Agent
Maria Conde,Chicago Sky,2024,N/A,Suspended Contract Expired
Kysre Gondrezick ,Chicago Sky,2024,"$30,489.00",Waived
Kaela Davis,Chicago Sky,2024,"$5,304.00",7-day Complete
Alyssa Thomas,Connecticut Suns,2024,"$218,000.00",Protected Veteran
Marina Mabrey ,Connecticut Suns,2024,"$217,592.00",Protected Veteran
Brionna Jones ,Connecticut Suns,2024,"$212,000.00",Protected Veteran
DeWanna Bonner ,Connecticut Suns,2024,"$209,593.00",Unprotected
Tiffany Mitchell ,Connecticut Suns,2024,"$139,050.00",Protected Veteran
Astou Ndour-Fall,Connecticut Suns,2024,"$125,000.00",Protected Veteran
Tyasha Harris ,Connecticut Suns,2024,"$97,100.00",Unprotected
DiJonai Carrington ,Connecticut Suns,2024,"$78,469.00",Protected Rookie
Olivia Nelson-Ododa,Connecticut Suns,2024,"$71,124.00",Unprotected
Veronica Burton ,Connecticut Suns,2024,"$50,180.00",Unprotected
Caitlin Bickle,Connecticut Suns,2024,"$13,339.00",Unprotected
Queen Egbo,Connecticut Suns,2024,"$18,415.00",Waived
Caitlin Bickle,Connecticut Suns,2024,"$8,892.00",7-day Complete
Celeste Taylor,Connecticut Suns,2024,"$4,446.00",7-day Complete
Arike Ogunbowale ,Dallas Wings,2024,"$241,984.00",Protected Veteran
Natasha Howard ,Dallas Wings,2024,"$234,350.00",Protected Veteran
Teaira McCowan ,Dallas Wings,2024,"$195,700.00",Protected Veteran
Satou Sabally ,Dallas Wings,2024,"$195,000.00",Protected Veteran
Kalani Brown,Dallas Wings,2024,"$125,000.00",Protected Veteran
Awak Kuier ,Dallas Wings,2024,N/A,Full-Season Suspension
Stephanie Soares,Dallas Wings,2024,"$76,535.00",Unprotected
Maddy Siegrist ,Dallas Wings,2024,"$75,792.00",Unprotected
Jacy Sheldon,Dallas Wings,2024,"$73,439.00",Unprotected
Lou Lopez Sénéchal ,Dallas Wings,2024,"$72,727.00",Unprotected
Jaelyn Brown,Dallas Wings,2024,"$64,154.00",Unprotected
Sevgi Uzun,Dallas Wings,2024,"$64,154.00",Unprotected
Bella Alarie ,Dallas Wings,2024,N/A,Suspended Contract Expired
Monique Billings ,Dallas Wings,2024,"$35,237.00",Complete Hardship Contract
Odyssey Sims ,Dallas Wings,2024,"$13,072.00",Complete Hardship Contract
Morgan Bertsch,Dallas Wings,2024,"$2,858.00",Complete Hardship Contract
Kelsey Mitchell ,Indiana Fever,2024,"$212,000.00",Protected Veteran
Erica Wheeler ,Indiana Fever,2024,"$202,154.00",Protected Veteran
Katie Lou Samuelson ,Indiana Fever,2024,"$175,000.00",Protected Veteran
Damiris Dantas ,Indiana Fever,2024,"$97,100.00",Protected Veteran
NaLyssa Smith,Indiana Fever,2024,"$80,943.00",Unprotected
Lexie Hull,Indiana Fever,2024,"$77,669.00",Unprotected
Caitlin Clark,Indiana Fever,2024,"$76,535.00",Unprotected
Temi Fagbenle,Indiana Fever,2024,"$76,535.00",Unprotected
Aliyah Boston,Indiana Fever,2024,"$75,792.00",Unprotected
Grace Berger,Indiana Fever,2024,"$72,727.00",Unprotected
Kristy Wallace,Indiana Fever,2024,"$71,124.00",Unprotected
Victaria Saxton,Indiana Fever,2024,"$64,154.00",Unprotected
Emma Cannon ,Indiana Fever,2024,N/A,Unrestricted Free Agent
Amanda Zahui B. ,Indiana Fever,2024,N/A,Unrestricted Free Agent
Victoria Vivians ,Indiana Fever,2024,"$85,000.00",Buyout
Celeste Taylor,Indiana Fever,2024,"$29,962.00",Waived
A'ja Wilson ,Las Vegas Aces,2024,"$227,303.00",Protected Veteran
Kelsey Plum ,Las Vegas Aces,2024,"$200,000.00",Protected Veteran
Chelsea Gray ,Las Vegas Aces,2024,"$196,267.00",Protected Veteran
Jackie Young ,Las Vegas Aces,2024,"$169,950.00",Protected Veteran
Alysha Clark ,Las Vegas Aces,2024,"$110,000.00",Protected Veteran
Kiah Stokes ,Las Vegas Aces,2024,"$100,000.00",Unprotected
Megan Gustafson ,Las Vegas Aces,2024,"$94,000.00",Unprotected
Tiffany Hayes ,Las Vegas Aces,2024,"$88,000.00",Unprotected
Sydney Colson,Las Vegas Aces,2024,"$76,535.00",Unprotected
Kierstan Bell,Las Vegas Aces,2024,"$74,398.00",Unprotected
Kate Martin,Las Vegas Aces,2024,"$67,249.00",Unprotected
Queen Egbo,Las Vegas Aces,2024,"$2,541.00",Unprotected
Cayla George,Las Vegas Aces,2024,N/A,Unrestricted Free Agent
Riquna Williams ,Las Vegas Aces,2024,N/A,Unrestricted Free Agent
Emma Cannon ,Las Vegas Aces,2024,"$27,280.00",Waived
Jessika Carter,Las Vegas Aces,2024,"$10,798.00",Waived
Dyaisha Fair,Las Vegas Aces,2024,"$9,987.00",Waived
Queen Egbo,Las Vegas Aces,2024,"$8,892.00",7-day Complete
Azurá Stevens ,Los Angeles Sparks,2024,"$215,000.00",Protected Veteran
Dearica Hamby ,Los Angeles Sparks,2024,"$189,000.00",Protected Veteran
Kia Nurse ,Los Angeles Sparks,2024,"$142,500.00",Protected Veteran
Rae Burrell ,Los Angeles Sparks,2024,"$125,000.00",Protected Veteran
Stephanie Talbot ,Los Angeles Sparks,2024,"$115,000.00",Protected Veteran
Layshia Clarendon ,Los Angeles Sparks,2024,"$100,000.00",Unprotected
Aari McDonald ,Los Angeles Sparks,2024,"$89,302.00",Protected Rookie Scale
Julie Allemand ,Los Angeles Sparks,2024,N/A,Full-Season Suspension
Lexie Brown ,Los Angeles Sparks,2024,"$80,340.00",Unprotected
Cameron Brink ,Los Angeles Sparks,2024,"$76,535.00",Unprotected
Rickea Jackson ,Los Angeles Sparks,2024,"$76,535.00",Unprotected
Zia Cooke ,Los Angeles Sparks,2024,"$69,663.00",Unprotected
Li Yueru ,Los Angeles Sparks,2024,"$64,767.00",Unprotected
Crystal Dangerfield ,Los Angeles Sparks,2024,"$21,218.00",Active Hardship Contract
Odyssey Sims ,Los Angeles Sparks,2024,"$9,851.00",Active Hardship Contract
Chiney Ogwumike ,Los Angeles Sparks,2024,N/A,Unrestricted Free Agent
Maria Kliundikova,Los Angeles Sparks,2024,N/A,Suspended Contract Expired
Crystal Dangerfield ,Los Angeles Sparks,2024,"$15,912.00",7-day Complete
Odyssey Sims ,Los Angeles Sparks,2024,"$15,912.00",7-day Complete
Queen Egbo,Los Angeles Sparks,2024,"$6,352.00",Complete Hardship Contract
Napheesa Collier ,Minnesota Lynx,2024,"$215,469.00",Unprotected
Kayla McBride ,Minnesota Lynx,2024,"$208,000.00",Protected Veteran
Myisha Hines-Allen ,Minnesota Lynx,2024,"$180,200.00",Protected Veteran
Courtney Williams ,Minnesota Lynx,2024,"$175,000.00",Protected Veteran
Alanna Smith ,Minnesota Lynx,2024,"$150,000.00",Protected Veteran
Bridget Carleton ,Minnesota Lynx,2024,"$125,000.00",Unprotected
Jessica Shepard ,Minnesota Lynx,2024,N/A,Full-Season Suspension
Natisha Hiedeman ,Minnesota Lynx,2024,"$120,000.00",Unprotected
Diamond Miller,Minnesota Lynx,2024,"$75,792.00",Unprotected
Alissa Pili,Minnesota Lynx,2024,"$73,439.00",Unprotected
Dorka Juhasz,Minnesota Lynx,2024,"$66,597.00",Unprotected
Cecilia Zandalasini,Minnesota Lynx,2024,"$64,154.00",Unprotected
Olivia Époupa,Minnesota Lynx,2024,$635.00,Unprotected
Natalie Achonwa ,Minnesota Lynx,2024,N/A,Unrestricted Free Agent
Taylor Soule,Minnesota Lynx,2024,"$8,893.00",Waived
Breanna Stewart ,New York Liberty,2024,"$205,000.00",Unprotected
Sabrina Ionescu ,New York Liberty,2024,"$202,000.00",Unprotected
Courtney Vandersloot,New York Liberty,2024,"$194,670.00",Protected Veteran
Jonquel Jones,New York Liberty,2024,"$190,000.00",Protected Veteran
Betnijah Laney-Hamilton ,New York Liberty,2024,"$180,000.00",Protected Veteran
Kayla Thornton ,New York Liberty,2024,"$110,000.00",Protected Veteran
Kennedy Burke ,New York Liberty,2024,"$76,535.00",Protected Veteran
Nyara Sabally,New York Liberty,2024,"$72,727.00",Unprotected
Marquesha Davis,New York Liberty,2024,"$70,344.00",Unprotected
Leonie Fiebich,New York Liberty,2024,"$67,249.00",Unprotected
Ivana Dojkić ,New York Liberty,2024,"$64,154.00",Unprotected
Jaylyn Sherrod,New York Liberty,2024,"$17,150.00",Unprotected
Rebekah Gardner,New York Liberty,2024,N/A,Reserved Free Agent
Marine Johannès,New York Liberty,2024,N/A,Reserved Free Agent
Han Xu,New York Liberty,2024,N/A,Suspended Contract Expired
Jaylyn Sherrod,New York Liberty,2024,"$13,338.00",7-day Complete
Kahleah Copper,Phoenix Mercury,2024,"$241,984.00",Protected Veteran
Diana Taurasi ,Phoenix Mercury,2024,"$234,936.00",Protected Veteran
Natasha Cloud,Phoenix Mercury,2024,"$200,000.00",Protected Veteran
Sophie Cunningham ,Phoenix Mercury,2024,"$189,500.00",Protected Veteran
Rebecca Allen ,Phoenix Mercury,2024,"$160,000.00",Protected Veteran
Brittney Griner ,Phoenix Mercury,2024,"$150,000.00",Protected Veteran
Mikiah Herbert Harrigan,Phoenix Mercury,2024,"$64,154.00",Unprotected
Natasha Mack,Phoenix Mercury,2024,"$64,154.00",Unprotected
Charisma Osborne,Phoenix Mercury,2024,"$45,098.00",Unprotected
Monique Billings ,Phoenix Mercury,2024,"$19,702.00",Unprotected
Celeste Taylor,Phoenix Mercury,2024,"$8,893.00",Unprotected
Amy Atwell,Phoenix Mercury,2024,$635.00,Unprotected
Klara Lundquist,Phoenix Mercury,2024,N/A,Suspended Contract Expired
Liz Dixon,Phoenix Mercury,2024,"$32,395.00",Waived
Morgan Bertsch,Phoenix Mercury,2024,"$19,056.00",Waived
Celeste Taylor,Phoenix Mercury,2024,"$13,338.00",7-day Complete
Amy Atwell,Phoenix Mercury,2024,"$8,892.00",7-day Complete
Monique Billings ,Phoenix Mercury,2024,"$5,304.00",7-day Complete
Liz Dixon,Phoenix Mercury,2024,"$4,446.00",7-day Complete
Jewell Loyd ,Seattle Storm,2024,"$241,984.00",Protected Veteran
Skylar Diggins ,Seattle Storm,2024,"$208,219.00",Protected Veteran
Nneka Ogwumike ,Seattle Storm,2024,"$204,500.00",Protected Veteran
Mercedes Russell ,Seattle Storm,2024,"$160,000.00",Protected Veteran
Ezi Magbegor ,Seattle Storm,2024,"$155,000.00",Protected Veteran
Sami Whitcomb ,Seattle Storm,2024,"$140,000.00",Protected Veteran
Victoria Vivians ,Seattle Storm,2024,"$76,535.00",Unprotected
Jordan Horston ,Seattle Storm,2024,"$69,663.00",Unprotected
Nika Muhl ,Seattle Storm,2024,"$67,249.00",Unprotected
Joyner Holmes ,Seattle Storm,2024,"$61,380.00",Unprotected
Gabby Williams ,Seattle Storm,2024,"$23,491.00",Unprotected
Yvonne Turner ,Seattle Storm,2024,N/A,Unrestricted Free Agent
Kiana Williams ,Seattle Storm,2024,"$32,395.00",Waived
Dulcy Fankam Mendjiadeu ,Seattle Storm,2024,"$13,188.00",Waived
Kiana Williams ,Seattle Storm,2024,"$8,892.00",7-day Complete
Brittney Sykes ,Washington Mystics,2024,"$200,000.00",Protected Veteran
Ariel Atkins ,Washington Mystics,2024,"$200,000.00",Protected Veteran
Stefanie Dolson,Washington Mystics,2024,"$185,000.00",Protected Veteran
Karlie Samuelson ,Washington Mystics,2024,"$125,000.00",Protected Veteran
Shatori Walker-Kimbrough ,Washington Mystics,2024,"$97,850.00",Unprotected
Shakira Austin,Washington Mystics,2024,"$80,943.00",Unprotected
Aaliyah Edwards,Washington Mystics,2024,"$73,439.00",Unprotected
Sika Koné,Washington Mystics,2024,"$64,154.00",Unprotected
Jade Melbourne ,Washington Mystics,2024,"$64,154.00",Unprotected
Emily Engstler,Washington Mystics,2024,"$64,154.00",Unprotected
Sug Sutton,Washington Mystics,2024,"$64,154.00",Unprotected
Julie Vanloo,Washington Mystics,2024,"$64,154.00",Unprotected
Elena Delle Donne ,Washington Mystics,2024,N/A,Cored
Tianna Hawkins ,Washington Mystics,2024,N/A,Unrestricted Free Agent
Kristi Toliver ,Washington Mystics,2024,N/A,Unrestricted Free Agent
Bernadett Határ ,Washington Mystics,2024,N/A,Reserved Free Agent
Li Meng,Washington Mystics,2024,N/A,Reserved Free Agent
Olivia Époupa,Washington Mystics,2024,"$64,154.00",Waived
DiDi Richards ,Washington Mystics,2024,"$64,154.00",Waived
Jakia Brown-Turner,Washington Mystics,2024,"$8,892.00",7-day Complete
Jakia Brown-Turner,Washington Mystics,2024,"$3,811.00",Waived
Jordin Canada ,Atlanta Dream,2025,"$190,000.00",Protected Veteran
Allisha Gray ,Atlanta Dream,2025,"$190,000.00",Protected Veteran
Aerial Powers ,Atlanta Dream,2025,N/A,Unrestricted Free Agent
Nia Coffey ,Atlanta Dream,2025,"$150,000.00",Protected Veteran
Rhyne Howard ,Atlanta Dream,2025,"$91,981.00",Protected Rookie Scale
Naz Hillmon ,Atlanta Dream,2025,"$80,823.00",Protected Rookie Scale
Lorela Cubaj,Atlanta Dream,2025,N/A,Reserved Free Agent
Maya Caldwell ,Atlanta Dream,2025,"$66,079.00",Unprotected
Maite Cazorla,Atlanta Dream,2025,N/A,Suspended Contract Expired
Brittney Griner ,Atlanta Dream,2025,"$214,466.00",Protected Veteran
Brionna Jones ,Atlanta Dream,2025,"$214,466.00",Protected Veteran
Shatori Walker-Kimbrough ,Atlanta Dream,2025,"$150,000.00",Protected Veteran
Te-Hina Paopao ,Atlanta Dream,2025,"$69,267.00",Unprotected
Taylor Thierry ,Atlanta Dream,2025,"$66,079.00",Unprotected
Holly Winterburn,Atlanta Dream,2025,N/A,Full-season Suspension
Ariel Atkins ,Chicago Sky,2025,"$200,000.00",Protected Veteran
Courtney Vandersloot,Chicago Sky,2025,"$185,000.00",Unprotected
Rebecca Allen ,Chicago Sky,2025,"$160,000.00",Protected Veteran
Moriah Jefferson ,Chicago Sky,2025,"$145,500.00",Protected Veteran
Kia Nurse ,Chicago Sky,2025,"$145,000.00",Unprotected
Michaela Onyenwere ,Chicago Sky,2025,"$125,000.00",Unprotected
Elizabeth Williams ,Chicago Sky,2025,"$100,000.00",Unprotected
Rachel Banham ,Chicago Sky,2025,"$95,000.00",Protected Veteran
Kamilla Cardoso,Chicago Sky,2025,"$78,066.00",Temporary Suspension
Angel Reese,Chicago Sky,2025,"$74,909.00",Unprotected
Hailey Van Lith,Chicago Sky,2025,"$72,455.00",Unprotected
Maddy Westbeld,Chicago Sky,2025,"$69,267.00",Unprotected
Chennedy Carter ,Chicago Sky,2025,N/A,Unrestricted Free Agent
Marina Mabrey ,Connecticut Suns,2025,"$210,000.00",Protected Veteran
Tina Charles,Connecticut Suns,2025,"$170,000.00",Protected Veteran
Lindsay Allen ,Connecticut Suns,2025,"$90,000.00",Unprotected
Olivia Nelson-Ododa,Connecticut Suns,2025,"$80,823.00",Protected Rookie Scale
Bria Hartley ,Connecticut Suns,2025,"$78,831.00",Unprotected
Haley Peters,Connecticut Suns,2025,"$78,831.00",Unprotected
Aneesah Morrow,Connecticut Suns,2025,"$75,643.00",Unprotected
Saniya Rivers,Connecticut Suns,2025,"$75,643.00",Unprotected
Jacy Sheldon,Connecticut Suns,2025,"$74,909.00",Unprotected
Leila Lacan,Connecticut Suns,2025,"$72,455.00",Temporary Suspension
Rayah Marshall,Connecticut Suns,2025,"$69,267.00",Unprotected
Kariata Diaby,Connecticut Suns,2025,"$66,079.00",Unprotected
Jaelyn Brown,Connecticut Suns,2025,"$56,639.00",Unprotected
Astou Ndour-Fall,Connecticut Suns,2025,N/A,Unrestricted Free Agent
Nikolina Milić,Connecticut Suns,2025,N/A,Reserved Free Agent
Yvonne Anderson,Connecticut Suns,2025,"$85,000.00",Waived
Diamond DeShields,Connecticut Suns,2025,"$20,294.00",Waived
Robyn Parks,Connecticut Suns,2025,"$11,106.00",Waived
Arike Ogunbowale ,Dallas Wings,2025,"$249,032.00",Protected Veteran
Myisha Hines-Allen ,Dallas Wings,2025,"$203,000.00",Protected Veteran
Teaira McCowan ,Dallas Wings,2025,"$201,400.00",Temporary Suspension
DiJonai Carrington ,Dallas Wings,2025,"$200,000.00",Protected Veteran
Tyasha Harris ,Dallas Wings,2025,"$100,013.00",Unprotected
NaLyssa Smith,Dallas Wings,2025,"$91,981.00",Protected Rookie Scale
Maddy Siegrist ,Dallas Wings,2025,"$83,371.00",Unprotected
Lou Lopez Sénéchal ,Dallas Wings,2025,N/A,Full-season Suspension
Paige Bueckers,Dallas Wings,2025,"$78,831.00",Unprotected
Aziaha James,Dallas Wings,2025,"$72,455.00",Unprotected
JJ Quinerly,Dallas Wings,2025,"$66,079.00",Unprotected
Luisa Geiselsöder,Dallas Wings,2025,"$66,079.00",Temporary Suspension
Li Yueru ,Dallas Wings,2025,"$66,079.00",Unprotected
Kaila Charles ,Dallas Wings,2025,"$43,225.00",Active Hardship Contract
Haley Jones ,Dallas Wings,2025,"$36,233.00",Active Hardship Contract
Awak Kuier ,Dallas Wings,2025,N/A,Suspended Contract Expired
Kaila Charles ,Dallas Wings,2025,"$21,198.00",Waived
Tiffany Hayes ,Golden State Valkyries,2025,"$200,000.00",Unprotected
Stephanie Talbot ,Golden State Valkyries,2025,"$125,000.00",Protected Veteran
Kayla Thornton ,Golden State Valkyries,2025,"$112,000.00",Protected Veteran
Monique Billings ,Golden State Valkyries,2025,"$110,000.00",Protected Veteran
Cecilia Zandalasini,Golden State Valkyries,2025,"$100,000.00",Temporary Suspension
Temi Fagbenle,Golden State Valkyries,2025,"$90,000.00",Unprotected
Veronica Burton ,Golden State Valkyries,2025,"$78,831.00",Unprotected
Carla Leite,Golden State Valkyries,2025,"$72,455.00",Unprotected
Kate Martin,Golden State Valkyries,2025,"$68,595.00",Unprotected
Janelle Salaün,Golden State Valkyries,2025,"$66,079.00",Temporary Suspension
Julie Vanloo,Golden State Valkyries,2025,"$66,079.00",Temporary Suspension
Laeticia Amihere,Golden State Valkyries,2025,"$53,307.00",Unprotected
Chloe Bibby,Golden State Valkyries,2025,"$49,420.00",Unprotected
Kaitlyn Chen,Golden State Valkyries,2025,"$49,420.00",Unprotected
Bree Hall,Golden State Valkyries,2025,"$47,755.00",Unprotected
Maria Conde,Golden State Valkyries,2025,N/A,Suspended Contract Expired
Iliana Rupert,Golden State Valkyries,2025,N/A,Suspended Contract Expired
Kyara Linskens,Golden State Valkyries,2025,"$14,437.00",Waived
Aerial Powers ,Golden State Valkyries,2025,"$11,924.00",Waived
Kelsey Mitchell ,Indiana Fever,2024,"$249,244.00",Protected Veteran
Natasha Howard ,Indiana Fever,2025,"$214,466.00",Protected Veteran
Sophie Cunningham ,Indiana Fever,2025,"$100,000.00",Unprotected
Damiris Dantas ,Indiana Fever,2025,"$100,000.00",Temporary Suspension
Sydney Colson,Indiana Fever,2025,"$90,000.00",Unprotected
Lexie Hull,Indiana Fever,2025,"$88,261.00",Protected Rookie Scale
Brianna Turner ,Indiana Fever,2025,"$85,000.00",Unprotected
Aliyah Boston,Indiana Fever,2025,"$83,371.00",Unprotected
Kristy Wallace,Indiana Fever,2025,N/A,Full-season Suspension
Caitlin Clark,Indiana Fever,2025,"$78,066.00",Unprotected
Makayla Timpson,Indiana Fever,2025,"$69,267.00",Unprotected
Aari McDonald ,Indiana Fever,2025,"$52,333.00",Unprotected
Katie Lou Samuelson ,Indiana Fever,2025,"$106,419.00",Buyout
DeWanna Bonner ,Indiana Fever,2025,"$72,269.00",Waived
Aari McDonald ,Indiana Fever,2025,"$6,459.00",Complete Hardship Contract
Jewell Loyd ,Las Vegas Aces,2025,"$249,032.00",Protected Veteran
A'ja Wilson ,Las Vegas Aces,2025,"$200,000.00",Protected Veteran
Chelsea Gray ,Las Vegas Aces,2025,"$196,267.00",Protected Veteran
Jackie Young ,Las Vegas Aces,2025,"$169,950.00",Protected Veteran
Kiah Stokes ,Las Vegas Aces,2025,"$103,000.00",Unprotected
Tiffany Mitchell ,Las Vegas Aces,2025,"$101,123.00",Unprotected
Megan Gustafson ,Las Vegas Aces,2025,"$96,820.00",Unprotected
Dana Evans ,Las Vegas Aces,2025,"$89,000.00",Protected Veteran
Kierstan Bell,Las Vegas Aces,2025,"$84,543.00",Protected Rookie Scale
Cheyenne Parker-Tyus ,Las Vegas Aces,2025,"$78,831.00",Pregnancy/Childbirth
Elizabeth Kitley ,Las Vegas Aces,2025,"$69,267.00",Unprotected
Aaliyah Nye ,Las Vegas Aces,2025,"$69,267.00",Unprotected
Joyner Holmes ,Las Vegas Aces,2025,"$61,607.00",Unprotected
Crystal Bradford ,Las Vegas Aces,2025,"$16,103.00",Waived
Dearica Hamby ,Los Angeles Sparks,2025,"$202,000.00",Protected Veteran
Kelsey Plum ,Los Angeles Sparks,2025,"$202,000.00",Protected Veteran
Azurá Stevens ,Los Angeles Sparks,2025,"$195,000.00",Protected Veteran
Mercedes Russell ,Los Angeles Sparks,2025,"$160,000.00",Unprotected
Odyssey Sims ,Los Angeles Sparks,2025,"$130,000.00",Unprotected
Rae Burrell ,Los Angeles Sparks,2025,"$125,000.00",Unprotected
Julie Allemand ,Los Angeles Sparks,2025,"$85,000.00",Temporary Suspension
Emma Cannon ,Los Angeles Sparks,2025,"$78,831.00",Unprotected
Cameron Brink ,Los Angeles Sparks,2025,"$78,066.00",Unprotected
Rickea Jackson ,Los Angeles Sparks,2025,"$78,066.00",Unprotected
Sarah Ashlee Barker ,Los Angeles Sparks,2025,"$72,455.00",Unprotected
Sania Feagin ,Los Angeles Sparks,2025,"$69,267.00",Unprotected
Liatu King ,Los Angeles Sparks,2025,"$47,894.00",Active Hardship Contract
Shey Peddy ,Los Angeles Sparks,2025,"$44,715.00",Active Hardship Contract
Grace Berger,Los Angeles Sparks,2025,"$1,666.00",Complete Hardship Contract
Napheesa Collier ,Minnesota Lynx,2025,"$214,284.00",Unprotected
Kayla McBride ,Minnesota Lynx,2025,"$205,000.00",Protected Veteran
Courtney Williams ,Minnesota Lynx,2025,"$180,000.00",Protected Veteran
Alanna Smith ,Minnesota Lynx,2025,"$150,000.00",Protected Veteran
Natisha Hiedeman ,Minnesota Lynx,2025,"$135,000.00",Protected Veteran
Bridget Carleton ,Minnesota Lynx,2025,"$125,000.00",Unprotected
Karlie Samuelson ,Minnesota Lynx,2025,"$118,450.00",Protected Veteran
Diamond Miller,Minnesota Lynx,2025,"$83,371.00",Unprotected
Jessica Shepard ,Minnesota Lynx,2025,"$78,831.00",Unprotected
Alissa Pili,Minnesota Lynx,2025,"$74,909.00",Unprotected
Dorka Juhasz,Minnesota Lynx,2025,N/A,Full-season Suspension
Anastasiia Olairi Kosu,Minnesota Lynx,2025,"$69,267.00",Unprotected
Maria Kliundikova,Minnesota Lynx,2025,"$54,418.00",Unprotected
Olivia Époupa,Minnesota Lynx,2025,N/A,Unrestriced Free Agent
Marième Badiane,Minnesota Lynx,2025,"$12,216.00",Waived
Breanna Stewart ,New York Liberty,2025,"$208,400.00",Protected Veteran
Sabrina Ionescu ,New York Liberty,2025,"$208,060.00",Unprotected
Natasha Cloud,New York Liberty,2025,"$200,000.00",Protected Veteran
Jonquel Jones,New York Liberty,2025,"$195,000.00",Protected Veteran
Betnijah Laney-Hamilton ,New York Liberty,2025,N/A,Full-season Suspension
Nyara Sabally,New York Liberty,2025,"$79,999.00",Unprotected
Kennedy Burke ,New York Liberty,2025,"$78,831.00",Unprotected
Isabelle Harrison ,New York Liberty,2025,"$78,831.00",Unprotected
Marquesha Davis,New York Liberty,2025,"$71,753.00",Unprotected
Leonie Fiebich,New York Liberty,2025,"$68,595.00",Temporary Suspension
Annika Soltau,New York Liberty,2025,N/A,Full-season Suspension
Raquel Carrera,New York Liberty,2025,N/A,Full-season Suspension
Seehia Ridard,New York Liberty,2025,N/A,Full-season Suspension
Rebekah Gardner,New York Liberty,2025,"$66,079.00",Unprotected
Marine Johannès,New York Liberty,2025,"$66,079.00",Unprotected
Jaylyn Sherrod,New York Liberty,2025,"$66,079.00",Unprotected
Ivana Dojkić ,New York Liberty,2025,N/A,Reserved Free Agent
Han Xu,New York Liberty,2025,N/A,Suspended Contract Expired
Kahleah Copper,Phoenix Mercury,2025,"$248,134.00",Protected Veteran
Satou Sabally ,Phoenix Mercury,2025,"$215,000.00",Protected Veteran
Alyssa Thomas,Phoenix Mercury,2025,"$215,000.00",Protected Veteran
Kalani Brown,Phoenix Mercury,2025,"$128,750.00",Protected Veteran
Sami Whitcomb ,Phoenix Mercury,2025,"$125,000.00",Unprotected
Kitija Laksa,Phoenix Mercury,2025,"$80,000.00",Protected Veteran
Helena Pueyo,Phoenix Mercury,2025,N/A,Full-season Suspension
Julia Ayrault,Phoenix Mercury,2025,N/A,Full-season Suspension
Lexi Held,Phoenix Mercury,2025,"$66,079.00",Unprotected
Monique Akoa Makani,Phoenix Mercury,2025,"$66,079.00",Unprotected
Natasha Mack,Phoenix Mercury,2025,"$66,079.00",Unprotected
Murjanatu Musa,Phoenix Mercury,2025,"$66,079.00",Unprotected
Kathryn Westbeld,Phoenix Mercury,2025,"$66,079.00",Unprotected
Megan McConnell,Phoenix Mercury,2025,"$56,084.00",Unprotected
Charisma Osborne,Phoenix Mercury,2025,N/A,Unrestriced Free Agent
Klara Lundquist,Phoenix Mercury,2025,N/A,Suspended Contract Expired
Sevgi Uzun,Phoenix Mercury,2025,"$11,106.00",Waived
Haley Jones ,Phoenix Mercury,2025,"$5,553.00",Complete Hardship Contract
Alexis Prince,Phoenix Mercury,2025,"$3,975.00",Waived
Gabby Williams ,Seattle Storm,2025,"$225,000.00",Protected Veteran
Skylar Diggins ,Seattle Storm,2025,"$214,466.00",Protected Veteran
Nneka Ogwumike ,Seattle Storm,2025,"$195,000.00",Protected Veteran
Ezi Magbegor ,Seattle Storm,2025,"$186,000.00",Protected Veteran
Alysha Clark ,Seattle Storm,2025,"$185,000.00",Unprotected
Lexie Brown ,Seattle Storm,2025,"$96,408.00",Protected Veteran
Katie Lou Samuelson ,Seattle Storm,2025,"$90,000.00",Unprotected
Dominique Malonga ,Seattle Storm,2025,"$78,831.00",Unprotected
Erica Wheeler ,Seattle Storm,2025,"$78,831.00",Unprotected
Jordan Horston ,Seattle Storm,2025,N/A,Full-season Suspension
Nika Muhl ,Seattle Storm,2025,N/A,Full-season Suspension
Zia Cooke ,Seattle Storm,2025,"$66,079.00",Unprotected
Mackenzie Holmes ,Seattle Storm,2025,"$48,865.00",Unprotected
Victoria Vivians ,Seattle Storm,2025,N/A,Unrestricted Free Agent
Brittney Sykes ,Washington Mystics,2025,"$195,000.00",Protected Veteran
Stefanie Dolson,Washington Mystics,2025,"$170,000.00",Protected Veteran
Shakira Austin,Washington Mystics,2025,"$91,981.00",Protected Rookie Scale
Sonia Citron,Washington Mystics,2025,"$78,831.00",Unprotected
Kiki Iriafen,Washington Mystics,2025,"$78,831.00",Unprotected
Sug Sutton,Washington Mystics,2025,"$78,831.00",Unprotected
Georgia Amoore,Washington Mystics,2025,"$75,643.00",Unprotected
Aaliyah Edwards,Washington Mystics,2025,"$74,909.00",Unprotected
Lucy Olsen,Washington Mystics,2025,"$69,267.00",Unprotected
Sika Koné,Washington Mystics,2025,"$66,710.00",Unprotected
Jade Melbourne ,Washington Mystics,2025,"$66,710.00",Unprotected
Emily Engstler,Washington Mystics,2025,"$66,079.00",Unprotected
Li Meng,Washington Mystics,2025,UFA,Unrestricted Free Agent
Bernadett Határ ,Washington Mystics,2025,Reserved,Reserved Free Agent
Brittney Griner ,Atlanta Dream,2026,N/A,Unrestricted Free Agent
Brionna Jones ,Atlanta Dream,2026,N/A,Unrestricted Free Agent
Jordin Canada ,Atlanta Dream,2026,N/A,Unrestricted Free Agent
Allisha Gray ,Atlanta Dream,2026,N/A,Unrestricted Free Agent
Nia Coffey ,Atlanta Dream,2026,N/A,Unrestricted Free Agent
Shatori Walker-Kimbrough ,Atlanta Dream,2026,N/A,Unrestricted Free Agent
Rhyne Howard ,Atlanta Dream,2026,N/A,Restricted Free Agent
Naz Hillmon ,Atlanta Dream,2026,N/A,Restricted Free Agent
Te-Hina Paopao ,Atlanta Dream,2026,"$70,653.00",Unprotected
Taylor Thierry ,Atlanta Dream,2026,"$67,401.00",Unprotected
Holly Winterburn,Atlanta Dream,2026,N/A,Suspended Contract Expired
Maya Caldwell ,Atlanta Dream,2026,N/A,Reserved Free Agent
Ariel Atkins ,Chicago Sky,2026,N/A,Unrestricted Free Agent
Courtney Vandersloot,Chicago Sky,2026,N/A,Unrestricted Free Agent
Rebecca Allen ,Chicago Sky,2026,N/A,Unrestricted Free Agent
Moriah Jefferson ,Chicago Sky,2026,N/A,Unrestricted Free Agent
Kia Nurse ,Chicago Sky,2026,N/A,Unrestricted Free Agent
Michaela Onyenwere ,Chicago Sky,2026,N/A,Unrestricted Free Agent
Elizabeth Williams ,Chicago Sky,2026,N/A,Unrestricted Free Agent
Rachel Banham ,Chicago Sky,2026,N/A,Unrestricted Free Agent
Kamilla Cardoso,Chicago Sky,2026,"$85,873.00",Unprotected
Angel Reese,Chicago Sky,2026,"$82,399.00",Unprotected
Hailey Van Lith,Chicago Sky,2026,"$73,905.00",Unprotected
Maddy Westbeld,Chicago Sky,2026,"$70,653.00",Unprotected
Marina Mabrey ,Connecticut Suns,2026,N/A,Unrestricted Free Agent
Tina Charles,Connecticut Suns,2026,N/A,Unrestricted Free Agent
Lindsay Allen ,Connecticut Suns,2026,N/A,Unrestricted Free Agent
Olivia Nelson-Ododa,Connecticut Suns,2026,N/A,Restricted Free Agent
Bria Hartley ,Connecticut Suns,2026,N/A,Unrestricted Free Agent
Haley Peters,Connecticut Suns,2026,N/A,Restricted Free Agent
Aneesah Morrow,Connecticut Suns,2026,"$77,156.00",Unprotected
Saniya Rivers,Connecticut Suns,2026,"$77,156.00",Unprotected
Jacy Sheldon,Connecticut Suns,2026,"$82,399.00",Unprotected
Leila Lacan,Connecticut Suns,2026,"$73,905.00",Unprotected
Rayah Marshall,Connecticut Suns,2026,"$70,653.00",Unprotected
Kariata Diaby,Connecticut Suns,2026,N/A,Reserved Free Agent
Jaelyn Brown,Connecticut Suns,2026,N/A,Reserved Free Agent
Diamond DeShields,Connecticut Suns,2026,N/A,Unrestricted Free Agent
Arike Ogunbowale ,Dallas Wings,2026,N/A,Unrestricted Free Agent
Myisha Hines-Allen ,Dallas Wings,2026,N/A,Unrestricted Free Agent
Teaira McCowan ,Dallas Wings,2026,N/A,Unrestricted Free Agent
DiJonai Carrington ,Dallas Wings,2026,N/A,Unrestricted Free Agent
Tyasha Harris ,Dallas Wings,2026,N/A,Unrestricted Free Agent
NaLyssa Smith,Dallas Wings,2026,N/A,Restricted Free Agent
Maddy Siegrist ,Dallas Wings,2026,"$94,740.00",Protected Rookie Scale
Lou Lopez Sénéchal ,Dallas Wings,2026,N/A,Suspended Contract Expired
Paige Bueckers,Dallas Wings,2026,"$80,408.00",Unprotected
Aziaha James,Dallas Wings,2026,"$73,905.00",Unprotected
JJ Quinerly,Dallas Wings,2026,"$67,401.00",Unprotected
Luisa Geiselsöder,Dallas Wings,2026,N/A,Reserved Free Agent
Li Yueru ,Dallas Wings,2026,N/A,Reserved Free Agent
Tiffany Hayes ,Golden State Valkyries,2026,N/A,Unrestricted Free Agent
Stephanie Talbot ,Golden State Valkyries,2026,N/A,Unrestricted Free Agent
Kayla Thornton ,Golden State Valkyries,2026,N/A,Unrestricted Free Agent
Monique Billings ,Golden State Valkyries,2026,N/A,Unrestricted Free Agent
Cecilia Zandalasini,Golden State Valkyries,2026,N/A,Restricted Free Agent
Temi Fagbenle,Golden State Valkyries,2026,N/A,Unrestricted Free Agent
Veronica Burton ,Golden State Valkyries,2026,N/A,Restricted Free Agent
Carla Leite,Golden State Valkyries,2026,"$73,905.00",Unprotected
Kate Martin,Golden State Valkyries,2026,"$75,456.00",Unprotected
Janelle Salaün,Golden State Valkyries,2026,N/A,Reserved Free Agent
Julie Vanloo,Golden State Valkyries,2026,N/A,Reserved Free Agent
Laeticia Amihere,Golden State Valkyries,2026,N/A,Reserved Free Agent
Chloe Bibby,Golden State Valkyries,2026,N/A,Reserved Free Agent
Kaitlyn Chen,Golden State Valkyries,2026,N/A,Reserved Free Agent
Bree Hall,Golden State Valkyries,2026,N/A,Reserved Free Agent
Kelsey Mitchell ,Indiana Fever,2026,N/A,Unrestricted Free Agent
Natasha Howard ,Indiana Fever,2026,N/A,Unrestricted Free Agent
Sophie Cunningham ,Indiana Fever,2026,N/A,Unrestricted Free Agent
Damiris Dantas ,Indiana Fever,2026,N/A,Unrestricted Free Agent
Sydney Colson,Indiana Fever,2026,N/A,Unrestricted Free Agent
Lexie Hull,Indiana Fever,2026,N/A,Restricted Free Agent
Brianna Turner ,Indiana Fever,2026,N/A,Unrestricted Free Agent
Aliyah Boston,Indiana Fever,2026,"$94,740.00",Protected Rookie Scale
Kristy Wallace,Indiana Fever,2026,N/A,Suspended Contract Expired
Caitlin Clark,Indiana Fever,2026,"$85,873.00",Unprotected
Makayla Timpson,Indiana Fever,2026,"$70,653.00",Unprotected
Aari McDonald ,Indiana Fever,2026,N/A,Unrestricted Free Agent
Jewell Loyd ,Las Vegas Aces,2026,N/A,Unrestricted Free Agent
A'ja Wilson ,Las Vegas Aces,2026,N/A,Unrestricted Free Agent
Chelsea Gray ,Las Vegas Aces,2026,N/A,Unrestricted Free Agent
Jackie Young ,Las Vegas Aces,2026,N/A,Unrestricted Free Agent
Kiah Stokes ,Las Vegas Aces,2026,N/A,Unrestricted Free Agent
Tiffany Mitchell ,Las Vegas Aces,2026,N/A,Unrestricted Free Agent
Megan Gustafson ,Las Vegas Aces,2026,N/A,Unrestricted Free Agent
Dana Evans ,Las Vegas Aces,2026,N/A,Unrestricted Free Agent
Kierstan Bell,Las Vegas Aces,2026,N/A,Restricted Free Agent
Cheyenne Parker-Tyus ,Las Vegas Aces,2026,N/A,Unrestricted Free Agent
Elizabeth Kitley ,Las Vegas Aces,2026,"$70,653.00",Unprotected
Aaliyah Nye ,Las Vegas Aces,2026,"$70,653.00",Unprotected
Joyner Holmes ,Las Vegas Aces,2026,N/A,Unrestricted Free Agent
Dearica Hamby ,Los Angeles Sparks,2026,N/A,Unrestricted Free Agent
Kelsey Plum ,Los Angeles Sparks,2026,N/A,Unrestricted Free Agent
Azurá Stevens ,Los Angeles Sparks,2026,N/A,Unrestricted Free Agent
Mercedes Russell ,Los Angeles Sparks,2026,N/A,Unrestricted Free Agent
Odyssey Sims ,Los Angeles Sparks,2026,N/A,Unrestricted Free Agent
Rae Burrell ,Los Angeles Sparks,2026,N/A,Reserved Free Agent
Julie Allemand ,Los Angeles Sparks,2026,N/A,Restricted Free Agent
Emma Cannon ,Los Angeles Sparks,2026,N/A,Unrestricted Free Agent
Cameron Brink ,Los Angeles Sparks,2026,"$85,873.00",Unprotected
Rickea Jackson ,Los Angeles Sparks,2026,"$85,873.00",Unprotected
Sarah Ashlee Barker ,Los Angeles Sparks,2026,"$73,905.00",Unprotected
Sania Feagin ,Los Angeles Sparks,2026,"$70,653.00",Unprotected
Napheesa Collier ,Minnesota Lynx,2026,N/A,Unrestricted Free Agent
Kayla McBride ,Minnesota Lynx,2026,N/A,Unrestricted Free Agent
Courtney Williams ,Minnesota Lynx,2026,N/A,Unrestricted Free Agent
Alanna Smith ,Minnesota Lynx,2026,N/A,Unrestricted Free Agent
Natisha Hiedeman ,Minnesota Lynx,2026,N/A,Unrestricted Free Agent
Bridget Carleton ,Minnesota Lynx,2026,N/A,Unrestricted Free Agent
Karlie Samuelson ,Minnesota Lynx,2026,N/A,Unrestricted Free Agent
Diamond Miller,Minnesota Lynx,2026,"$94,740.00",Protected Rookie Scale
Jessica Shepard ,Minnesota Lynx,2026,N/A,Unrestricted Free Agent
Alissa Pili,Minnesota Lynx,2026,"$82,399.00",Unprotected
Dorka Juhasz,Minnesota Lynx,2026,"$83,248.00",Protected Rookie Scale
Anastasiia Olairi Kosu,Minnesota Lynx,2026,"$70,653.00",Unprotected
Maria Kliundikova,Minnesota Lynx,2026,N/A,Reserved Free Agent
Breanna Stewart ,New York Liberty,2026,N/A,Unrestricted Free Agent
Sabrina Ionescu ,New York Liberty,2026,N/A,Unrestricted Free Agent
Natasha Cloud,New York Liberty,2026,N/A,Unrestricted Free Agent
Jonquel Jones,New York Liberty,2026,N/A,Unrestricted Free Agent
Betnijah Laney-Hamilton ,New York Liberty,2026,N/A,Suspended Contract Expired
Nyara Sabally,New York Liberty,2026,"$90,908.00",Protected Rookie Scale
Kennedy Burke ,New York Liberty,2026,N/A,Unrestricted Free Agent
Isabelle Harrison ,New York Liberty,2026,N/A,Unrestricted Free Agent
Marquesha Davis,New York Liberty,2026,"$78,929.00",Unprotected
Leonie Fiebich,New York Liberty,2026,"$75,456.00",Unprotected
Annika Soltau,New York Liberty,2026,N/A,Suspended Contract Expired
Raquel Carrera,New York Liberty,2026,N/A,Suspended Contract Expired
Seehia Ridard,New York Liberty,2026,N/A,Suspended Contract Expired
Rebekah Gardner,New York Liberty,2026,N/A,Reserved Free Agent
Marine Johannès,New York Liberty,2026,N/A,Reserved Free Agent
Jaylyn Sherrod,New York Liberty,2026,N/A,Reserved Free Agent
Kahleah Copper,Phoenix Mercury,2026,N/A,Unrestricted Free Agent
Satou Sabally ,Phoenix Mercury,2026,N/A,Unrestricted Free Agent
Alyssa Thomas,Phoenix Mercury,2026,N/A,Unrestricted Free Agent
Kalani Brown,Phoenix Mercury,2026,"$132,500.00",Protected Veteran
Sami Whitcomb ,Phoenix Mercury,2026,N/A,Unrestricted Free Agent
Kitija Laksa,Phoenix Mercury,2026,N/A,Reserved Free Agent
Helena Pueyo,Phoenix Mercury,2026,N/A,Suspended Contract Expired
Julia Ayrault,Phoenix Mercury,2026,N/A,Suspended Contract Expired
Lexi Held,Phoenix Mercury,2026,N/A,Reserved Free Agent
Monique Akoa Makani,Phoenix Mercury,2026,N/A,Reserved Free Agent
Natasha Mack,Phoenix Mercury,2026,N/A,Reserved Free Agent
Murjanatu Musa,Phoenix Mercury,2026,N/A,Reserved Free Agent
Kathryn Westbeld,Phoenix Mercury,2026,N/A,Reserved Free Agent
Megan McConnell,Phoenix Mercury,2026,N/A,Reserved Free Agent
Gabby Williams ,Seattle Storm,2026,N/A,Unrestricted Free Agent
Skylar Diggins ,Seattle Storm,2026,N/A,Unrestricted Free Agent
Nneka Ogwumike ,Seattle Storm,2026,N/A,Unrestricted Free Agent
Ezi Magbegor ,Seattle Storm,2026,N/A,Unrestricted Free Agent
Alysha Clark ,Seattle Storm,2026,N/A,Unrestricted Free Agent
Lexie Brown ,Seattle Storm,2026,"$98,818.00",Protected Veteran
Katie Lou Samuelson ,Seattle Storm,2026,N/A,Unrestricted Free Agent
Dominique Malonga ,Seattle Storm,2026,"$80,408.00",Unprotected
Erica Wheeler ,Seattle Storm,2026,N/A,Unrestricted Free Agent
Jordan Horston ,Seattle Storm,2026,"$87,080.00",Protected Rookie Scale
Nika Muhl ,Seattle Storm,2026,"$75,456.00",Unprotected
Zia Cooke ,Seattle Storm,2026,N/A,Reserved Free Agent
Mackenzie Holmes ,Seattle Storm,2026,N/A,Reserved Free Agent
Brittney Sykes ,Washington Mystics,2026,N/A,Unrestricted Free Agent
Stefanie Dolson,Washington Mystics,2026,N/A,Unrestricted Free Agent
Shakira Austin,Washington Mystics,2026,N/A,Restricted Free Agent
Sonia Citron,Washington Mystics,2026,"$80,408.00",Unprotected
Kiki Iriafen,Washington Mystics,2026,"$80,408.00",Unprotected
Sug Sutton,Washington Mystics,2026,N/A,Restricted Free Agent
Georgia Amoore,Washington Mystics,2026,"$77,156.00",Unprotected
Aaliyah Edwards,Washington Mystics,2026,"$82,399.00",Unprotected
Lucy Olsen,Washington Mystics,2026,"$70,653.00",Unprotected
Sika Koné,Washington Mystics,2026,N/A,Unrestricted Free Agent
Jade Melbourne ,Washington Mystics,2026,N/A,Unrestricted Free Agent
Emily Engstler,Washington Mystics,2026,N/A,Reserved Free Agent